datacenter_name;host_id;type;number_of_pes;mips;available_mips;ram;available_ram;bw;available_bw;
Datacenter_1;0;host;4;40000;22000;160000;9016;10000;9827;
Datacenter_1;1;host;4;40000;22000;160000;9016;10000;9828;
Datacenter_1;2;host;4;40000;22000;160000;9016;10000;9831;
Datacenter_1;3;host;4;40000;22000;160000;9016;10000;9830;
Datacenter_1;4;host;4;40000;22000;160000;9016;10000;9833;
Datacenter_1;5;host;4;40000;22000;160000;9016;10000;9831;
Datacenter_1;6;host;4;40000;22000;160000;9016;10000;9829;
Datacenter_1;7;host;4;40000;22000;160000;9016;10000;9833;
Datacenter_1;8;host;4;40000;22000;160000;9016;10000;9831;
Datacenter_1;9;host;4;40000;22000;160000;9016;10000;9832;
Datacenter_1;10;host;4;40000;22000;160000;9016;10000;9831;
Datacenter_1;11;host;4;40000;22000;160000;9016;10000;9834;
Datacenter_1;12;host;4;40000;22000;160000;9016;10000;9835;
Datacenter_1;13;host;4;40000;22000;160000;9016;10000;9835;
Datacenter_1;14;host;4;40000;22000;160000;9016;10000;9836;
Datacenter_1;15;host;4;40000;22000;160000;9016;10000;9836;
Datacenter_1;16;host;4;40000;22000;160000;9016;10000;9835;
Datacenter_1;17;host;4;40000;22000;160000;9016;10000;9835;
Datacenter_1;18;host;4;40000;22000;160000;9016;10000;9835;
Datacenter_1;19;host;4;40000;22000;160000;9016;10000;9835;
Datacenter_1;20;host;4;40000;22000;160000;9016;10000;9835;
Datacenter_1;21;host;4;40000;22000;160000;9016;10000;9836;
Datacenter_1;22;host;4;40000;22000;160000;9016;10000;9835;
Datacenter_1;23;host;4;40000;22000;160000;9016;10000;9835;
Datacenter_1;24;host;4;40000;22000;160000;9016;10000;9834;
Datacenter_1;25;host;4;40000;22000;160000;9016;10000;9834;
Datacenter_1;26;host;4;40000;22000;160000;9016;10000;9836;
Datacenter_1;27;host;4;40000;22000;160000;9016;10000;9837;
Datacenter_1;28;host;4;40000;22000;160000;9016;10000;9836;
Datacenter_1;29;host;4;40000;22000;160000;9016;10000;9834;
Datacenter_1;30;host;4;40000;22000;160000;9016;10000;9835;
Datacenter_1;31;host;4;40000;22000;160000;9016;10000;9837;
Datacenter_1;32;host;4;40000;22000;160000;9016;10000;9836;
Datacenter_1;33;host;4;40000;22000;160000;9016;10000;9834;
Datacenter_1;34;host;4;40000;22000;160000;9016;10000;9833;
Datacenter_1;35;host;4;40000;22000;160000;9016;10000;9835;
Datacenter_1;36;host;4;40000;22000;160000;9016;10000;9836;
Datacenter_1;37;host;4;40000;22000;160000;9016;10000;9835;
Datacenter_1;38;host;4;40000;22000;160000;9016;10000;9834;
Datacenter_1;39;host;4;40000;22000;160000;9016;10000;9835;
Datacenter_1;40;host;4;40000;22000;160000;9016;10000;9834;
Datacenter_1;41;host;4;40000;22000;160000;9016;10000;9835;
Datacenter_1;42;host;4;40000;22000;160000;9016;10000;9834;
Datacenter_1;43;host;4;40000;22000;160000;9016;10000;9835;
Datacenter_1;44;host;4;40000;22000;160000;9016;10000;9835;
Datacenter_1;45;host;4;40000;22000;160000;9016;10000;9835;
Datacenter_1;46;host;4;40000;22000;160000;9016;10000;9834;
Datacenter_1;47;host;4;40000;22000;160000;9016;10000;9834;
Datacenter_1;48;host;4;40000;22000;160000;9016;10000;9834;
Datacenter_1;49;host;4;40000;22000;160000;9016;10000;9834;
Datacenter_1;50;host;4;40000;22000;160000;9016;10000;9832;
Datacenter_1;51;host;4;40000;22000;160000;9016;10000;9831;
Datacenter_1;52;host;4;40000;22000;160000;9016;10000;9831;
Datacenter_1;53;host;4;40000;22000;160000;9016;10000;9831;
Datacenter_1;54;host;4;40000;22000;160000;9016;10000;9833;
Datacenter_1;55;host;4;40000;22000;160000;9016;10000;9833;
Datacenter_1;56;host;4;40000;22000;160000;9016;10000;9829;
Datacenter_1;57;host;4;40000;22000;160000;9016;10000;9830;
Datacenter_1;58;host;4;40000;22000;160000;9016;10000;9829;
Datacenter_1;59;host;4;40000;22000;160000;9016;10000;9831;
Datacenter_1;60;host;4;40000;22000;160000;9016;10000;9831;
Datacenter_1;61;host;4;40000;22000;160000;9016;10000;9832;
Datacenter_1;62;host;4;40000;22000;160000;9016;10000;9830;
Datacenter_1;63;host;4;40000;22000;160000;9016;10000;9830;
Datacenter_1;64;host;4;40000;22000;160000;9016;10000;9828;
Datacenter_1;65;host;4;40000;22000;160000;9016;10000;9831;
Datacenter_1;66;host;4;40000;22000;160000;9016;10000;9832;
Datacenter_1;67;host;4;40000;22000;160000;9016;10000;9834;
Datacenter_1;68;host;4;40000;22000;160000;9016;10000;9832;
Datacenter_1;69;host;4;40000;22000;160000;9016;10000;9834;
Datacenter_1;70;host;4;40000;22000;160000;9016;10000;9835;
Datacenter_1;71;host;4;40000;22000;160000;9016;10000;9832;
Datacenter_1;72;host;4;40000;22000;160000;9016;10000;9834;
Datacenter_1;73;host;4;40000;22000;160000;9016;10000;9832;
Datacenter_1;74;host;4;40000;22000;160000;9016;10000;9831;
Datacenter_1;75;host;4;40000;22000;160000;9016;10000;9834;
Datacenter_1;76;host;4;40000;22000;160000;9016;10000;9834;
Datacenter_1;77;host;4;40000;22000;160000;9016;10000;9833;
Datacenter_1;78;host;4;40000;22000;160000;9016;10000;9830;
Datacenter_1;79;host;4;40000;22000;160000;9016;10000;9828;
Datacenter_1;80;host;4;40000;22000;160000;9016;10000;9822;
Datacenter_1;81;host;4;40000;22000;160000;9016;10000;9820;
Datacenter_1;82;host;4;40000;22000;160000;9016;10000;9821;
Datacenter_1;83;host;4;40000;22000;160000;9016;10000;9820;
Datacenter_1;84;host;4;40000;22000;160000;9016;10000;9819;
Datacenter_1;85;host;4;40000;22000;160000;9016;10000;9819;
Datacenter_1;86;host;4;40000;22000;160000;9016;10000;9820;
Datacenter_1;87;host;4;40000;22000;160000;9016;10000;9817;
Datacenter_1;88;host;4;40000;22000;160000;9016;10000;9820;
Datacenter_1;89;host;4;40000;22000;160000;9016;10000;9819;
Datacenter_1;90;host;4;40000;22000;160000;9016;10000;9818;
Datacenter_1;91;host;4;40000;22000;160000;9016;10000;9820;
Datacenter_1;92;host;4;40000;22000;160000;9016;10000;9819;
Datacenter_1;93;host;4;40000;22000;160000;9016;10000;9821;
Datacenter_1;94;host;4;40000;22000;160000;9016;10000;9820;
Datacenter_1;95;host;4;40000;22000;160000;9016;10000;9819;
Datacenter_1;96;host;4;40000;22000;160000;9016;10000;9818;
Datacenter_1;97;host;4;40000;22000;160000;9016;10000;9819;
Datacenter_1;98;host;4;40000;22000;160000;9016;10000;9819;
Datacenter_1;99;host;4;40000;22000;160000;9016;10000;9820;
Datacenter_1;100;host;4;40000;22000;160000;9016;10000;9817;
Datacenter_1;101;host;4;40000;22000;160000;9016;10000;9818;
Datacenter_1;102;host;4;40000;22000;160000;9016;10000;9816;
Datacenter_1;103;host;4;40000;22000;160000;9016;10000;9817;
Datacenter_1;104;host;4;40000;22000;160000;9016;10000;9815;
Datacenter_1;105;host;4;40000;22000;160000;9016;10000;9816;
Datacenter_1;106;host;4;40000;22000;160000;9016;10000;9816;
Datacenter_1;107;host;4;40000;22000;160000;9016;10000;9814;
Datacenter_1;108;host;4;40000;22000;160000;9016;10000;9815;
Datacenter_1;109;host;4;40000;22000;160000;9016;10000;9814;
Datacenter_1;110;host;4;40000;22000;160000;9016;10000;9818;
Datacenter_1;111;host;4;40000;22000;160000;9016;10000;9818;
Datacenter_1;112;host;4;40000;22000;160000;9016;10000;9820;
Datacenter_1;113;host;4;40000;22000;160000;9016;10000;9819;
Datacenter_1;114;host;4;40000;22000;160000;9016;10000;9820;
Datacenter_1;115;host;4;40000;22000;160000;9016;10000;9827;
Datacenter_1;116;host;4;40000;22000;160000;9016;10000;9822;
Datacenter_1;117;host;4;40000;22000;160000;9016;10000;9824;
Datacenter_1;118;host;4;40000;22000;160000;9016;10000;9824;
Datacenter_1;119;host;4;40000;22000;160000;9016;10000;9824;
Datacenter_1;120;host;4;40000;22000;160000;9016;10000;9824;
Datacenter_1;121;host;4;40000;22000;160000;9016;10000;9826;
Datacenter_1;122;host;4;40000;22000;160000;9016;10000;9825;
Datacenter_1;123;host;4;40000;22000;160000;9016;10000;9825;
Datacenter_1;124;host;4;40000;22000;160000;9016;10000;9826;
Datacenter_1;125;host;4;40000;22000;160000;9016;10000;9825;
Datacenter_1;126;host;4;40000;22000;160000;9016;10000;9824;
Datacenter_1;127;host;4;40000;22000;160000;9016;10000;9827;
Datacenter_1;128;host;4;40000;22000;160000;9016;10000;9826;
Datacenter_1;129;host;4;40000;22000;160000;9016;10000;9826;
Datacenter_1;130;host;4;40000;22000;160000;9016;10000;9828;
Datacenter_1;131;host;4;40000;22000;160000;9016;10000;9826;
Datacenter_1;132;host;4;40000;22000;160000;9016;10000;9827;
Datacenter_1;133;host;4;40000;22000;160000;9016;10000;9813;
Datacenter_1;134;host;4;40000;23000;160000;17404;10000;9863;
Datacenter_1;135;host;4;40000;23000;160000;17404;10000;9864;
Datacenter_1;136;host;4;40000;23000;160000;17404;10000;9861;
Datacenter_1;137;host;4;40000;23000;160000;17404;10000;9857;
Datacenter_1;138;host;4;40000;23000;160000;17404;10000;9858;
Datacenter_1;139;host;4;40000;23000;160000;17404;10000;9859;
Datacenter_1;140;host;4;40000;23000;160000;17404;10000;9860;
Datacenter_1;141;host;4;40000;23000;160000;17404;10000;9861;
Datacenter_1;142;host;4;40000;23000;160000;17404;10000;9856;
Datacenter_1;143;host;4;40000;23000;160000;17404;10000;9675;
Datacenter_1;144;host;4;40000;23000;160000;17404;10000;9858;
Datacenter_1;145;host;4;40000;23000;160000;17404;10000;9860;
Datacenter_1;146;host;4;40000;23000;160000;17404;10000;9858;
Datacenter_1;147;host;4;40000;23000;160000;17404;10000;9860;
Datacenter_1;148;host;4;40000;23000;160000;17404;10000;9857;
Datacenter_1;149;host;4;40000;23000;160000;17404;10000;9855;
Datacenter_1;150;host;4;40000;23000;160000;17404;10000;9858;
Datacenter_1;151;host;4;40000;23000;160000;17404;10000;9861;
Datacenter_1;152;host;4;40000;23000;160000;17404;10000;9858;
Datacenter_1;153;host;4;40000;23000;160000;17404;10000;9857;
Datacenter_1;154;host;4;40000;23000;160000;17404;10000;9858;
Datacenter_1;155;host;4;40000;23000;160000;17404;10000;9861;
Datacenter_1;156;host;4;40000;23000;160000;17404;10000;9863;
Datacenter_1;157;host;4;40000;23000;160000;17404;10000;9862;
Datacenter_1;158;host;4;40000;23000;160000;17404;10000;9863;
Datacenter_1;159;host;4;40000;23000;160000;17404;10000;9862;
Datacenter_1;160;host;4;40000;23000;160000;17404;10000;9861;
Datacenter_1;161;host;4;40000;23000;160000;17404;10000;9861;
Datacenter_1;162;host;4;40000;23000;160000;17404;10000;9864;
Datacenter_1;163;host;4;40000;23000;160000;17404;10000;9864;
Datacenter_1;164;host;4;40000;23000;160000;17404;10000;9862;
Datacenter_1;165;host;4;40000;23000;160000;17404;10000;9862;
Datacenter_1;166;host;4;40000;23000;160000;17404;10000;9862;
Datacenter_1;167;host;4;40000;23000;160000;17404;10000;9863;
Datacenter_1;168;host;4;40000;23000;160000;17404;10000;9864;
Datacenter_1;169;host;4;40000;23000;160000;17404;10000;9862;
Datacenter_1;170;host;4;40000;23000;160000;17404;10000;9865;
Datacenter_1;171;host;4;40000;23000;160000;17404;10000;9863;
Datacenter_1;172;host;4;40000;23000;160000;17404;10000;9864;
Datacenter_1;173;host;4;40000;23000;160000;17404;10000;9863;
Datacenter_1;174;host;4;40000;23000;160000;17404;10000;9861;
Datacenter_1;175;host;4;40000;23000;160000;17404;10000;9862;
Datacenter_1;176;host;4;40000;23000;160000;17404;10000;9862;
Datacenter_1;177;host;4;40000;23000;160000;17404;10000;9863;
Datacenter_1;178;host;4;40000;23000;160000;17404;10000;9864;
Datacenter_1;179;host;4;40000;23000;160000;17404;10000;9863;
Datacenter_1;180;host;4;40000;23000;160000;17404;10000;9866;
Datacenter_1;181;host;4;40000;23000;160000;17404;10000;9862;
Datacenter_1;182;host;4;40000;23000;160000;17404;10000;9863;
Datacenter_1;183;host;4;40000;23000;160000;17404;10000;9864;
Datacenter_1;184;host;4;40000;23000;160000;17404;10000;9863;
Datacenter_1;185;host;4;40000;23000;160000;17404;10000;9862;
Datacenter_1;186;host;4;40000;23000;160000;17404;10000;9861;
Datacenter_1;187;host;4;40000;23000;160000;17404;10000;9864;
Datacenter_1;188;host;4;40000;23000;160000;17404;10000;9863;
Datacenter_1;189;host;4;40000;23000;160000;17404;10000;9861;
Datacenter_1;190;host;4;40000;23000;160000;17404;10000;9861;
Datacenter_1;191;host;4;40000;23000;160000;17404;10000;9863;
Datacenter_1;192;host;4;40000;23000;160000;17404;10000;9861;
Datacenter_1;193;host;4;40000;23000;160000;17404;10000;9863;
Datacenter_1;194;host;4;40000;23000;160000;17404;10000;9864;
Datacenter_1;195;host;4;40000;23000;160000;17404;10000;9864;
Datacenter_1;196;host;4;40000;23000;160000;17404;10000;9861;
Datacenter_1;197;host;4;40000;23000;160000;17404;10000;9860;
Datacenter_1;198;host;4;40000;23000;160000;17404;10000;9860;
Datacenter_1;199;host;4;40000;23000;160000;17404;10000;9861;
Datacenter_1;200;host;4;40000;23000;160000;17404;10000;9861;
Datacenter_1;201;host;4;40000;23000;160000;17404;10000;9864;
Datacenter_1;202;host;4;40000;23000;160000;17404;10000;9863;
Datacenter_1;203;host;4;40000;23000;160000;17404;10000;9858;
Datacenter_1;204;host;4;40000;23000;160000;17404;10000;9861;
Datacenter_1;205;host;4;40000;23000;160000;17404;10000;9864;
Datacenter_1;206;host;4;40000;23000;160000;17404;10000;9865;
Datacenter_1;207;host;4;40000;23000;160000;17404;10000;9860;
Datacenter_1;208;host;4;40000;23000;160000;17404;10000;9864;
Datacenter_1;209;host;4;40000;23000;160000;17404;10000;9865;
Datacenter_1;210;host;4;40000;23000;160000;17404;10000;9863;
Datacenter_1;211;host;4;40000;23000;160000;17404;10000;9864;
Datacenter_1;212;host;4;40000;23000;160000;17404;10000;9865;
Datacenter_1;213;host;4;40000;23000;160000;17404;10000;9865;
Datacenter_1;214;host;4;40000;23000;160000;17404;10000;9862;
Datacenter_1;215;host;4;40000;23000;160000;17404;10000;9862;
Datacenter_1;216;host;4;40000;23000;160000;17404;10000;9864;
Datacenter_1;217;host;4;40000;23000;160000;17404;10000;9864;
Datacenter_1;218;host;4;40000;23000;160000;17404;10000;9865;
Datacenter_1;219;host;4;40000;23000;160000;17404;10000;9862;
Datacenter_1;220;host;4;40000;23000;160000;17404;10000;9863;
Datacenter_1;221;host;4;40000;23000;160000;17404;10000;9861;
Datacenter_1;222;host;4;40000;23000;160000;17404;10000;9864;
Datacenter_1;223;host;4;40000;23000;160000;17404;10000;9863;
Datacenter_1;224;host;4;40000;23000;160000;17404;10000;9864;
Datacenter_1;225;host;4;40000;23000;160000;17404;10000;9863;
Datacenter_1;226;host;4;40000;23000;160000;17404;10000;9861;
Datacenter_1;227;host;4;40000;23000;160000;17404;10000;9861;
Datacenter_1;228;host;4;40000;23000;160000;17404;10000;9862;
Datacenter_1;229;host;4;40000;23000;160000;17404;10000;9861;
Datacenter_1;230;host;4;40000;23000;160000;17404;10000;9860;
Datacenter_1;231;host;4;40000;23000;160000;17404;10000;9861;
Datacenter_1;232;host;4;40000;23000;160000;17404;10000;9861;
Datacenter_1;233;host;4;40000;23000;160000;17404;10000;9859;
Datacenter_1;234;host;4;40000;23000;160000;17404;10000;9858;
Datacenter_1;235;host;4;40000;23000;160000;17404;10000;9858;
Datacenter_1;236;host;4;40000;23000;160000;17404;10000;9854;
Datacenter_1;237;host;4;40000;23000;160000;17404;10000;9854;
Datacenter_1;238;host;4;40000;23000;160000;17404;10000;9854;
Datacenter_1;239;host;4;40000;23000;160000;17404;10000;9853;
Datacenter_1;240;host;4;40000;23000;160000;17404;10000;9856;
Datacenter_1;241;host;4;40000;23000;160000;17404;10000;9854;
Datacenter_1;242;host;4;40000;23000;160000;17404;10000;9857;
Datacenter_1;243;host;4;40000;23000;160000;17404;10000;9858;
Datacenter_1;244;host;4;40000;23000;160000;17404;10000;9854;
Datacenter_1;245;host;4;40000;23000;160000;17404;10000;9855;
Datacenter_1;246;host;4;40000;23000;160000;17404;10000;9855;
Datacenter_1;247;host;4;40000;23000;160000;17404;10000;9855;
Datacenter_1;248;host;4;40000;23000;160000;17404;10000;9854;
Datacenter_1;249;host;4;40000;23000;160000;17404;10000;9857;
Datacenter_1;250;host;4;40000;23000;160000;17404;10000;9855;
Datacenter_1;251;host;4;40000;23000;160000;17404;10000;9853;
Datacenter_1;252;host;4;40000;23000;160000;17404;10000;9857;
Datacenter_1;253;host;4;40000;23000;160000;17404;10000;9857;
Datacenter_1;254;host;4;40000;23000;160000;17404;10000;9857;
Datacenter_1;255;host;4;40000;23000;160000;17404;10000;9858;
Datacenter_1;256;host;4;40000;23000;160000;17404;10000;9853;
Datacenter_1;257;host;4;40000;23000;160000;17404;10000;9855;
Datacenter_1;258;host;4;40000;23000;160000;17404;10000;9858;
Datacenter_1;259;host;4;40000;23000;160000;17404;10000;9857;
Datacenter_1;260;host;4;40000;23000;160000;17404;10000;9857;
Datacenter_1;261;host;4;40000;23000;160000;17404;10000;9857;
Datacenter_1;262;host;4;40000;23000;160000;17404;10000;9856;
Datacenter_1;263;host;4;40000;23000;160000;17404;10000;9859;
Datacenter_1;264;host;4;40000;23000;160000;17404;10000;9862;
Datacenter_1;265;host;4;40000;23000;160000;17404;10000;9862;
Datacenter_1;266;host;4;40000;23000;160000;17404;10000;9863;
Datacenter_1;267;host;4;40000;23000;160000;17404;10000;9862;
Datacenter_1;268;host;4;40000;23000;160000;17404;10000;9858;
Datacenter_1;269;host;4;40000;23000;160000;17404;10000;9860;
Datacenter_1;270;host;4;40000;23000;160000;17404;10000;9859;
Datacenter_1;271;host;4;40000;23000;160000;17404;10000;9861;
Datacenter_1;272;host;4;40000;23000;160000;17404;10000;9861;
Datacenter_1;273;host;4;40000;23000;160000;17404;10000;9861;
Datacenter_1;274;host;4;40000;23000;160000;17404;10000;9859;
Datacenter_1;275;host;4;40000;23000;160000;17404;10000;9862;
Datacenter_1;276;host;4;40000;23000;160000;17404;10000;9859;
Datacenter_1;277;host;4;40000;23000;160000;17404;10000;9854;
Datacenter_1;278;host;4;40000;23000;160000;17404;10000;9855;
Datacenter_1;279;host;4;40000;23000;160000;17404;10000;9859;
Datacenter_1;280;host;4;40000;23000;160000;17404;10000;9854;
Datacenter_1;281;host;4;40000;23000;160000;17404;10000;9853;
Datacenter_1;282;host;4;40000;23000;160000;17404;10000;9853;
Datacenter_1;283;host;4;40000;23000;160000;17404;10000;9855;
Datacenter_1;284;host;4;40000;23000;160000;17404;10000;9856;
Datacenter_1;285;host;4;40000;23000;160000;17404;10000;9855;
Datacenter_1;286;host;4;40000;23000;160000;17404;10000;9854;
Datacenter_1;287;host;4;40000;23000;160000;17404;10000;9855;
Datacenter_1;288;host;4;40000;23000;160000;17404;10000;9853;
Datacenter_1;289;host;4;40000;23000;160000;17404;10000;9855;
Datacenter_1;290;host;4;40000;23000;160000;17404;10000;9857;
Datacenter_1;291;host;4;40000;23000;160000;17404;10000;9857;
Datacenter_1;292;host;4;40000;23000;160000;17404;10000;9857;
Datacenter_1;293;host;4;40000;23000;160000;17404;10000;9856;
Datacenter_1;294;host;4;40000;23000;160000;17404;10000;9855;
Datacenter_1;295;host;4;40000;23000;160000;17404;10000;9856;
Datacenter_1;296;host;4;40000;23000;160000;17404;10000;9853;
Datacenter_1;297;host;4;40000;23000;160000;17404;10000;9859;
Datacenter_1;298;host;4;40000;23000;160000;17404;10000;9861;
Datacenter_1;299;host;4;40000;23000;160000;17404;10000;9860;
Datacenter_1;300;host;4;40000;23000;160000;17404;10000;9858;
Datacenter_1;301;host;4;40000;23000;160000;17404;10000;9860;
Datacenter_1;302;host;4;40000;23000;160000;17404;10000;9861;
Datacenter_1;303;host;4;40000;23000;160000;17404;10000;9863;
Datacenter_1;304;host;4;40000;23000;160000;17404;10000;9863;
Datacenter_1;305;host;4;40000;23000;160000;17404;10000;9864;
Datacenter_1;306;host;4;40000;23000;160000;17404;10000;9865;
Datacenter_1;307;host;4;40000;23000;160000;17404;10000;9861;
Datacenter_1;308;host;4;40000;23000;160000;17404;10000;9862;
Datacenter_1;309;host;4;40000;23000;160000;17404;10000;9860;
Datacenter_1;310;host;4;40000;23000;160000;17404;10000;9859;
Datacenter_1;311;host;4;40000;23000;160000;17404;10000;9861;
Datacenter_1;312;host;4;40000;23000;160000;17404;10000;9863;
Datacenter_1;313;host;4;40000;23000;160000;17404;10000;9860;
Datacenter_1;314;host;4;40000;23000;160000;17404;10000;9860;
Datacenter_1;315;host;4;40000;23000;160000;17404;10000;9857;
Datacenter_1;316;host;4;40000;23000;160000;17404;10000;9854;
Datacenter_1;317;host;4;40000;23000;160000;17404;10000;9853;
Datacenter_1;318;host;4;40000;23000;160000;17404;10000;9855;
Datacenter_1;319;host;4;40000;23000;160000;17404;10000;9854;
Datacenter_1;320;host;4;40000;23000;160000;17404;10000;9855;
Datacenter_1;321;host;4;40000;23000;160000;17404;10000;9856;
Datacenter_1;322;host;4;40000;23000;160000;17404;10000;9852;
Datacenter_1;323;host;4;40000;23000;160000;17404;10000;9852;
Datacenter_1;324;host;4;40000;23000;160000;17404;10000;9854;
Datacenter_1;325;host;4;40000;23000;160000;17404;10000;9853;
Datacenter_1;326;host;4;40000;23000;160000;17404;10000;9857;
Datacenter_1;327;host;4;40000;23000;160000;17404;10000;9854;
Datacenter_1;328;host;4;40000;23000;160000;17404;10000;9854;
Datacenter_1;329;host;4;40000;23000;160000;17404;10000;9851;
Datacenter_1;330;host;4;40000;23000;160000;17404;10000;9850;
Datacenter_1;331;host;4;40000;23000;160000;17404;10000;9848;
Datacenter_1;332;host;4;40000;23000;160000;17404;10000;9849;
Datacenter_1;333;host;4;40000;23000;160000;17404;10000;9848;
Datacenter_1;334;host;4;40000;23000;160000;17404;10000;9849;
Datacenter_1;335;host;4;40000;23000;160000;17404;10000;9849;
Datacenter_1;336;host;4;40000;23000;160000;17404;10000;9851;
Datacenter_1;337;host;4;40000;23000;160000;17404;10000;9850;
Datacenter_1;338;host;4;40000;23000;160000;17404;10000;9837;
Datacenter_1;339;host;4;40000;23000;160000;17404;10000;9835;
Datacenter_1;340;host;4;40000;23000;160000;17404;10000;9838;
Datacenter_1;341;host;4;40000;23000;160000;17404;10000;9836;
Datacenter_1;342;host;4;40000;23000;160000;17404;10000;9838;
Datacenter_1;343;host;4;40000;23000;160000;17404;10000;9837;
Datacenter_1;344;host;4;40000;23000;160000;17404;10000;9839;
Datacenter_1;345;host;4;40000;23000;160000;17404;10000;9838;
Datacenter_1;346;host;4;40000;23000;160000;17404;10000;9839;
Datacenter_1;347;host;4;40000;23000;160000;17404;10000;9843;
Datacenter_1;348;host;4;40000;23000;160000;17404;10000;9840;
Datacenter_1;349;host;4;40000;23000;160000;17404;10000;9841;
Datacenter_1;350;host;4;40000;23000;160000;17404;10000;9843;
Datacenter_1;351;host;4;40000;23000;160000;17404;10000;9843;
Datacenter_1;352;host;4;40000;23000;160000;17404;10000;9843;
Datacenter_1;353;host;4;40000;23000;160000;17404;10000;9844;
Datacenter_1;354;host;4;40000;23000;160000;17404;10000;9844;
Datacenter_1;355;host;4;40000;23000;160000;17404;10000;9844;
Datacenter_1;356;host;4;40000;23000;160000;17404;10000;9844;
Datacenter_1;357;host;4;40000;23000;160000;17404;10000;9842;
Datacenter_1;358;host;4;40000;23000;160000;17404;10000;9842;
Datacenter_1;359;host;4;40000;23000;160000;17404;10000;9844;
Datacenter_1;360;host;4;40000;23000;160000;17404;10000;6710;
Datacenter_1;361;host;4;40000;23000;160000;17404;10000;9818;
Datacenter_1;362;host;4;40000;23000;160000;17404;10000;2641;
Datacenter_1;363;host;4;40000;23000;160000;17404;10000;9817;
Datacenter_1;364;host;4;40000;23000;160000;17404;10000;9815;
Datacenter_1;365;host;4;40000;23000;160000;17404;10000;9818;
Datacenter_1;366;host;4;40000;23000;160000;17404;10000;9817;
Datacenter_1;367;host;4;40000;23000;160000;17404;10000;9818;
Datacenter_1;368;host;4;40000;23000;160000;17404;10000;9819;
Datacenter_1;369;host;4;40000;23000;160000;17404;10000;9820;
Datacenter_1;370;host;4;40000;23000;160000;17404;10000;9821;
Datacenter_1;371;host;4;40000;23000;160000;17404;10000;9824;
Datacenter_1;372;host;4;40000;23000;160000;17404;10000;9827;
Datacenter_1;373;host;4;40000;23000;160000;17404;10000;9825;
Datacenter_1;374;host;4;40000;23000;160000;17404;10000;9825;
Datacenter_1;375;host;4;40000;23000;160000;17404;10000;9826;
Datacenter_1;376;host;4;40000;23000;160000;17404;10000;9824;
Datacenter_1;377;host;4;40000;23000;160000;17404;10000;9825;
Datacenter_1;378;host;4;40000;23000;160000;17404;10000;9825;
Datacenter_1;379;host;4;40000;23000;160000;17404;10000;9826;
Datacenter_1;380;host;4;40000;23000;160000;17404;10000;9826;
Datacenter_1;381;host;4;40000;23000;160000;17404;10000;9821;
Datacenter_1;382;host;4;40000;23000;160000;17404;10000;9837;
Datacenter_1;383;host;4;40000;23000;160000;17404;10000;9837;
Datacenter_1;384;host;4;40000;23000;160000;17404;10000;9841;
Datacenter_1;385;host;4;40000;23000;160000;17404;10000;9839;
Datacenter_1;386;host;4;40000;23000;160000;17404;10000;9838;
Datacenter_1;387;host;4;40000;23000;160000;17404;10000;9843;
Datacenter_1;388;host;4;40000;23000;160000;17404;10000;9838;
Datacenter_1;389;host;4;40000;23000;160000;17404;10000;9837;
Datacenter_1;390;host;4;40000;23000;160000;17404;10000;9838;
Datacenter_1;391;host;4;40000;23000;160000;17404;10000;9836;
Datacenter_1;392;host;4;40000;23000;160000;17404;10000;9837;
Datacenter_1;393;host;4;40000;23000;160000;17404;10000;9840;
Datacenter_1;394;host;4;40000;23000;160000;17404;10000;9841;
Datacenter_1;395;host;4;40000;23000;160000;17404;10000;9843;
Datacenter_1;396;host;4;40000;23000;160000;17404;10000;9842;
Datacenter_1;397;host;4;40000;23000;160000;17404;10000;9841;
Datacenter_1;398;host;4;40000;23000;160000;17404;10000;9840;
Datacenter_1;399;host;4;40000;23000;160000;17404;10000;9843;
Datacenter_1;400;host;4;40000;23000;160000;17404;10000;9841;
Datacenter_1;401;host;4;40000;23000;160000;17404;10000;9840;
Datacenter_1;402;host;4;40000;23000;160000;17404;10000;9840;
Datacenter_1;403;host;4;40000;23000;160000;17404;10000;9841;
Datacenter_1;404;host;4;40000;23000;160000;17404;10000;9842;
Datacenter_1;405;host;4;40000;23000;160000;17404;10000;9841;
Datacenter_1;406;host;4;40000;23000;160000;17404;10000;9840;
Datacenter_1;407;host;4;40000;23000;160000;17404;10000;9840;
Datacenter_1;408;host;4;40000;23000;160000;17404;10000;9843;
Datacenter_1;409;host;4;40000;23000;160000;17404;10000;9841;
Datacenter_1;410;host;4;40000;23000;160000;17404;10000;9839;
Datacenter_1;411;host;4;40000;23000;160000;17404;10000;9846;
Datacenter_1;412;host;4;40000;23000;160000;17404;10000;9843;
Datacenter_1;413;host;4;40000;23000;160000;17404;10000;9842;
Datacenter_1;414;host;4;40000;23000;160000;17404;10000;9843;
Datacenter_1;415;host;4;40000;23000;160000;17404;10000;9843;
Datacenter_1;416;host;4;40000;23000;160000;17404;10000;9842;
Datacenter_1;417;host;4;40000;23000;160000;17404;10000;9843;
Datacenter_1;418;host;4;40000;23000;160000;17404;10000;9843;
Datacenter_1;419;host;4;40000;23000;160000;17404;10000;9843;
Datacenter_1;420;host;4;40000;23000;160000;17404;10000;9841;
Datacenter_1;421;host;4;40000;23000;160000;17404;10000;9839;
Datacenter_1;422;host;4;40000;23000;160000;17404;10000;9842;
Datacenter_1;423;host;4;40000;23000;160000;17404;10000;9843;
Datacenter_1;424;host;4;40000;23000;160000;17404;10000;9842;
Datacenter_1;425;host;4;40000;23000;160000;17404;10000;9841;
Datacenter_1;426;host;4;40000;23000;160000;17404;10000;9841;
Datacenter_1;427;host;4;40000;23000;160000;17404;10000;9842;
Datacenter_1;428;host;4;40000;23000;160000;17404;10000;9842;
Datacenter_1;429;host;4;40000;23000;160000;17404;10000;9842;
Datacenter_1;430;host;4;40000;23000;160000;17404;10000;9842;
Datacenter_1;431;host;4;40000;23000;160000;17404;10000;9844;
Datacenter_1;432;host;4;40000;23000;160000;17404;10000;9845;
Datacenter_1;433;host;4;40000;23000;160000;17404;10000;9843;
Datacenter_1;434;host;4;40000;23000;160000;17404;10000;9841;
Datacenter_1;435;host;4;40000;23000;160000;17404;10000;9846;
Datacenter_1;436;host;4;40000;23000;160000;17404;10000;9842;
Datacenter_1;437;host;4;40000;23000;160000;17404;10000;9843;
Datacenter_1;438;host;4;40000;23000;160000;17404;10000;9844;
Datacenter_1;439;host;4;40000;23000;160000;17404;10000;9845;
Datacenter_1;440;host;4;40000;23000;160000;17404;10000;9846;
Datacenter_1;441;host;4;40000;23000;160000;17404;10000;9842;
Datacenter_1;442;host;4;40000;23000;160000;17404;10000;9842;
Datacenter_1;443;host;4;40000;23000;160000;17404;10000;9843;
Datacenter_1;444;host;4;40000;23000;160000;17404;10000;9842;
Datacenter_1;445;host;4;40000;23000;160000;17404;10000;9842;
Datacenter_1;446;host;4;40000;23000;160000;17404;10000;9842;
Datacenter_1;447;host;4;40000;23000;160000;17404;10000;9844;
Datacenter_1;448;host;4;40000;23000;160000;17404;10000;9843;
Datacenter_1;449;host;4;40000;23000;160000;17404;10000;9843;
Datacenter_1;450;host;4;40000;23000;160000;17404;10000;9842;
Datacenter_1;451;host;4;40000;23000;160000;17404;10000;9843;
Datacenter_1;452;host;4;40000;23000;160000;17404;10000;9843;
Datacenter_1;453;host;4;40000;23000;160000;17404;10000;9840;
Datacenter_1;454;host;4;40000;23000;160000;17404;10000;9841;
Datacenter_1;455;host;4;40000;23000;160000;17404;10000;9842;
Datacenter_1;456;host;4;40000;23000;160000;17404;10000;9843;
Datacenter_1;457;host;4;40000;23000;160000;17404;10000;9843;
Datacenter_1;458;host;4;40000;23000;160000;17404;10000;9843;
Datacenter_1;459;host;4;40000;23000;160000;17404;10000;9843;
Datacenter_1;460;host;4;40000;23000;160000;17404;10000;9842;
Datacenter_1;461;host;4;40000;23000;160000;17404;10000;9843;
Datacenter_1;462;host;4;40000;23000;160000;17404;10000;9843;
Datacenter_1;463;host;4;40000;23000;160000;17404;10000;9843;
Datacenter_1;464;host;4;40000;23000;160000;17404;10000;9841;
Datacenter_1;465;host;4;40000;23000;160000;17404;10000;9843;
Datacenter_1;466;host;4;40000;23000;160000;17404;10000;9843;
Datacenter_1;467;host;4;40000;23000;160000;17404;10000;9842;
Datacenter_1;468;host;4;40000;23000;160000;17404;10000;9844;
Datacenter_1;469;host;4;40000;23000;160000;17404;10000;9842;
Datacenter_1;470;host;4;40000;23000;160000;17404;10000;9843;
Datacenter_1;471;host;4;40000;23000;160000;17404;10000;9843;
Datacenter_1;472;host;4;40000;23000;160000;17404;10000;9842;
Datacenter_1;473;host;4;40000;23000;160000;17404;10000;9842;
Datacenter_1;474;host;4;40000;23000;160000;17404;10000;9842;
Datacenter_1;475;host;4;40000;23000;160000;17404;10000;9841;
Datacenter_1;476;host;4;40000;23000;160000;17404;10000;9842;
Datacenter_1;477;host;4;40000;23000;160000;17404;10000;9843;
Datacenter_1;478;host;4;40000;23000;160000;17404;10000;9844;
Datacenter_1;479;host;4;40000;23000;160000;17404;10000;9845;
Datacenter_1;480;host;4;40000;23000;160000;17404;10000;9842;
Datacenter_1;481;host;4;40000;23000;160000;17404;10000;9838;
Datacenter_1;482;host;4;40000;23000;160000;17404;10000;9839;
Datacenter_1;483;host;4;40000;23000;160000;17404;10000;9839;
Datacenter_1;484;host;4;40000;23000;160000;17404;10000;9841;
Datacenter_1;485;host;4;40000;23000;160000;17404;10000;9839;
Datacenter_1;486;host;4;40000;23000;160000;17404;10000;9840;
Datacenter_1;487;host;4;40000;23000;160000;17404;10000;9819;
Datacenter_1;488;host;4;40000;23000;160000;17404;10000;9837;
Datacenter_1;489;host;4;40000;23000;160000;17404;10000;9840;
Datacenter_1;490;host;4;40000;23000;160000;17404;10000;9839;
Datacenter_1;491;host;4;40000;23000;160000;17404;10000;9836;
Datacenter_1;492;host;4;40000;23000;160000;17404;10000;9837;
Datacenter_1;493;host;4;40000;23000;160000;17404;10000;9838;
Datacenter_1;494;host;4;40000;23000;160000;17404;10000;9840;
Datacenter_1;495;host;4;40000;23000;160000;17404;10000;9841;
Datacenter_1;496;host;4;40000;23000;160000;17404;10000;9840;
Datacenter_1;497;host;4;40000;23000;160000;17404;10000;9839;
Datacenter_1;498;host;4;40000;23000;160000;17404;10000;9843;
Datacenter_1;499;host;4;40000;23000;160000;17404;10000;9839;
Datacenter_2;0;host;4;40000;40000;160000;160000;10000;10000;
Datacenter_2;1;host;4;40000;40000;160000;160000;10000;10000;
Datacenter_2;2;host;4;40000;40000;160000;160000;10000;10000;
Datacenter_2;3;host;4;40000;40000;160000;160000;10000;10000;
Datacenter_2;4;host;4;40000;40000;160000;160000;10000;10000;
Datacenter_2;5;host;4;40000;40000;160000;160000;10000;10000;
Datacenter_2;6;host;4;40000;40000;160000;160000;10000;10000;
Datacenter_2;7;host;4;40000;40000;160000;160000;10000;10000;
Datacenter_2;8;host;4;40000;40000;160000;160000;10000;10000;
Datacenter_2;9;host;4;40000;40000;160000;160000;10000;10000;
Datacenter_2;10;host;4;40000;40000;160000;160000;10000;10000;
Datacenter_2;11;host;4;40000;40000;160000;160000;10000;10000;
Datacenter_2;12;host;4;40000;40000;160000;160000;10000;10000;
Datacenter_2;13;host;4;40000;40000;160000;160000;10000;10000;
Datacenter_2;14;host;4;40000;40000;160000;160000;10000;10000;
Datacenter_2;15;host;4;40000;40000;160000;160000;10000;10000;
Datacenter_2;16;host;4;40000;40000;160000;160000;10000;10000;
Datacenter_2;17;host;4;40000;40000;160000;160000;10000;10000;
Datacenter_2;18;host;4;40000;40000;160000;160000;10000;10000;
Datacenter_2;19;host;4;40000;40000;160000;160000;10000;10000;
Datacenter_2;20;host;4;40000;40000;160000;160000;10000;10000;
Datacenter_2;21;host;4;40000;40000;160000;160000;10000;10000;
Datacenter_2;22;host;4;40000;40000;160000;160000;10000;10000;
Datacenter_2;23;host;4;40000;40000;160000;160000;10000;10000;
Datacenter_2;24;host;4;40000;40000;160000;160000;10000;10000;
Datacenter_2;25;host;4;40000;40000;160000;160000;10000;10000;
Datacenter_2;26;host;4;40000;40000;160000;160000;10000;10000;
Datacenter_2;27;host;4;40000;40000;160000;160000;10000;10000;
Datacenter_2;28;host;4;40000;40000;160000;160000;10000;10000;
Datacenter_2;29;host;4;40000;40000;160000;160000;10000;10000;
Datacenter_2;30;host;4;40000;40000;160000;160000;10000;10000;
Datacenter_2;31;host;4;40000;40000;160000;160000;10000;10000;
Datacenter_2;32;host;4;40000;40000;160000;160000;10000;10000;
Datacenter_2;33;host;4;40000;40000;160000;160000;10000;10000;
Datacenter_2;34;host;4;40000;40000;160000;160000;10000;10000;
Datacenter_2;35;host;4;40000;40000;160000;160000;10000;10000;
Datacenter_2;36;host;4;40000;40000;160000;160000;10000;10000;
Datacenter_2;37;host;4;40000;40000;160000;160000;10000;10000;
Datacenter_2;38;host;4;40000;40000;160000;160000;10000;10000;
Datacenter_2;39;host;4;40000;40000;160000;160000;10000;10000;
Datacenter_2;40;host;4;40000;40000;160000;160000;10000;10000;
Datacenter_2;41;host;4;40000;40000;160000;160000;10000;10000;
Datacenter_2;42;host;4;40000;40000;160000;160000;10000;10000;
Datacenter_2;43;host;4;40000;40000;160000;160000;10000;10000;
Datacenter_2;44;host;4;40000;40000;160000;160000;10000;10000;
Datacenter_2;45;host;4;40000;40000;160000;160000;10000;10000;
Datacenter_2;46;host;4;40000;40000;160000;160000;10000;10000;
Datacenter_2;47;host;4;40000;40000;160000;160000;10000;10000;
Datacenter_2;48;host;4;40000;40000;160000;160000;10000;10000;
Datacenter_2;49;host;4;40000;40000;160000;160000;10000;10000;
Datacenter_2;50;host;4;40000;40000;160000;160000;10000;10000;
Datacenter_2;51;host;4;40000;40000;160000;160000;10000;10000;
Datacenter_2;52;host;4;40000;40000;160000;160000;10000;10000;
Datacenter_2;53;host;4;40000;40000;160000;160000;10000;10000;
Datacenter_2;54;host;4;40000;40000;160000;160000;10000;10000;
Datacenter_2;55;host;4;40000;40000;160000;160000;10000;10000;
Datacenter_2;56;host;4;40000;40000;160000;160000;10000;10000;
Datacenter_2;57;host;4;40000;40000;160000;160000;10000;10000;
Datacenter_2;58;host;4;40000;40000;160000;160000;10000;10000;
Datacenter_2;59;host;4;40000;40000;160000;160000;10000;10000;
Datacenter_2;60;host;4;40000;40000;160000;160000;10000;10000;
Datacenter_2;61;host;4;40000;40000;160000;160000;10000;10000;
Datacenter_2;62;host;4;40000;40000;160000;160000;10000;10000;
Datacenter_2;63;host;4;40000;40000;160000;160000;10000;10000;
Datacenter_2;64;host;4;40000;40000;160000;160000;10000;10000;
Datacenter_2;65;host;4;40000;40000;160000;160000;10000;10000;
Datacenter_2;66;host;4;40000;40000;160000;160000;10000;10000;
Datacenter_2;67;host;4;40000;40000;160000;160000;10000;10000;
Datacenter_2;68;host;4;40000;40000;160000;160000;10000;10000;
Datacenter_2;69;host;4;40000;40000;160000;160000;10000;10000;
Datacenter_2;70;host;4;40000;40000;160000;160000;10000;10000;
Datacenter_2;71;host;4;40000;40000;160000;160000;10000;10000;
Datacenter_2;72;host;4;40000;40000;160000;160000;10000;10000;
Datacenter_2;73;host;4;40000;40000;160000;160000;10000;10000;
Datacenter_2;74;host;4;40000;40000;160000;160000;10000;10000;
Datacenter_2;75;host;4;40000;40000;160000;160000;10000;10000;
Datacenter_2;76;host;4;40000;40000;160000;160000;10000;10000;
Datacenter_2;77;host;4;40000;40000;160000;160000;10000;10000;
Datacenter_2;78;host;4;40000;40000;160000;160000;10000;10000;
Datacenter_2;79;host;4;40000;40000;160000;160000;10000;10000;
Datacenter_2;80;host;4;40000;40000;160000;160000;10000;10000;
Datacenter_2;81;host;4;40000;40000;160000;160000;10000;10000;
Datacenter_2;82;host;4;40000;40000;160000;160000;10000;10000;
Datacenter_2;83;host;4;40000;40000;160000;160000;10000;10000;
Datacenter_2;84;host;4;40000;40000;160000;160000;10000;10000;
Datacenter_2;85;host;4;40000;40000;160000;160000;10000;10000;
Datacenter_2;86;host;4;40000;40000;160000;160000;10000;10000;
Datacenter_2;87;host;4;40000;40000;160000;160000;10000;10000;
Datacenter_2;88;host;4;40000;40000;160000;160000;10000;10000;
Datacenter_2;89;host;4;40000;40000;160000;160000;10000;10000;
Datacenter_2;90;host;4;40000;40000;160000;160000;10000;10000;
Datacenter_2;91;host;4;40000;40000;160000;160000;10000;10000;
Datacenter_2;92;host;4;40000;40000;160000;160000;10000;10000;
Datacenter_2;93;host;4;40000;40000;160000;160000;10000;10000;
Datacenter_2;94;host;4;40000;40000;160000;160000;10000;10000;
Datacenter_2;95;host;4;40000;40000;160000;160000;10000;10000;
Datacenter_2;96;host;4;40000;40000;160000;160000;10000;10000;
Datacenter_2;97;host;4;40000;40000;160000;160000;10000;10000;
Datacenter_2;98;host;4;40000;40000;160000;160000;10000;10000;
Datacenter_2;99;host;4;40000;40000;160000;160000;10000;10000;
Datacenter_2;100;host;4;40000;40000;160000;160000;10000;10000;
Datacenter_2;101;host;4;40000;40000;160000;160000;10000;10000;
Datacenter_2;102;host;4;40000;40000;160000;160000;10000;10000;
Datacenter_2;103;host;4;40000;40000;160000;160000;10000;10000;
Datacenter_2;104;host;4;40000;40000;160000;160000;10000;10000;
Datacenter_2;105;host;4;40000;40000;160000;160000;10000;10000;
Datacenter_2;106;host;4;40000;40000;160000;160000;10000;10000;
Datacenter_2;107;host;4;40000;40000;160000;160000;10000;10000;
Datacenter_2;108;host;4;40000;40000;160000;160000;10000;10000;
Datacenter_2;109;host;4;40000;40000;160000;160000;10000;10000;
Datacenter_2;110;host;4;40000;40000;160000;160000;10000;10000;
Datacenter_2;111;host;4;40000;40000;160000;160000;10000;10000;
Datacenter_2;112;host;4;40000;40000;160000;160000;10000;10000;
Datacenter_2;113;host;4;40000;40000;160000;160000;10000;10000;
Datacenter_2;114;host;4;40000;40000;160000;160000;10000;10000;
Datacenter_2;115;host;4;40000;40000;160000;160000;10000;10000;
Datacenter_2;116;host;4;40000;40000;160000;160000;10000;10000;
Datacenter_2;117;host;4;40000;40000;160000;160000;10000;10000;
Datacenter_2;118;host;4;40000;40000;160000;160000;10000;10000;
Datacenter_2;119;host;4;40000;40000;160000;160000;10000;10000;
Datacenter_2;120;host;4;40000;40000;160000;160000;10000;10000;
Datacenter_2;121;host;4;40000;40000;160000;160000;10000;10000;
Datacenter_2;122;host;4;40000;40000;160000;160000;10000;10000;
Datacenter_2;123;host;4;40000;40000;160000;160000;10000;10000;
Datacenter_2;124;host;4;40000;40000;160000;160000;10000;10000;
Datacenter_2;125;host;4;40000;40000;160000;160000;10000;10000;
Datacenter_2;126;host;4;40000;40000;160000;160000;10000;10000;
Datacenter_2;127;host;4;40000;40000;160000;160000;10000;10000;
Datacenter_2;128;host;4;40000;40000;160000;160000;10000;10000;
Datacenter_2;129;host;4;40000;40000;160000;160000;10000;10000;
Datacenter_2;130;host;4;40000;40000;160000;160000;10000;10000;
Datacenter_2;131;host;4;40000;40000;160000;160000;10000;10000;
Datacenter_2;132;host;4;40000;40000;160000;160000;10000;10000;
Datacenter_2;133;host;4;40000;40000;160000;160000;10000;10000;
Datacenter_2;134;host;4;40000;40000;160000;160000;10000;10000;
Datacenter_2;135;host;4;40000;40000;160000;160000;10000;10000;
Datacenter_2;136;host;4;40000;40000;160000;160000;10000;10000;
Datacenter_2;137;host;4;40000;40000;160000;160000;10000;10000;
Datacenter_2;138;host;4;40000;40000;160000;160000;10000;10000;
Datacenter_2;139;host;4;40000;40000;160000;160000;10000;10000;
Datacenter_2;140;host;4;40000;40000;160000;160000;10000;10000;
Datacenter_2;141;host;4;40000;40000;160000;160000;10000;10000;
Datacenter_2;142;host;4;40000;40000;160000;160000;10000;10000;
Datacenter_2;143;host;4;40000;40000;160000;160000;10000;10000;
Datacenter_2;144;host;4;40000;40000;160000;160000;10000;10000;
Datacenter_2;145;host;4;40000;40000;160000;160000;10000;10000;
Datacenter_2;146;host;4;40000;40000;160000;160000;10000;10000;
Datacenter_2;147;host;4;40000;40000;160000;160000;10000;10000;
Datacenter_2;148;host;4;40000;40000;160000;160000;10000;10000;
Datacenter_2;149;host;4;40000;40000;160000;160000;10000;10000;
Datacenter_2;150;host;4;40000;40000;160000;160000;10000;10000;
Datacenter_2;151;host;4;40000;40000;160000;160000;10000;10000;
Datacenter_2;152;host;4;40000;40000;160000;160000;10000;10000;
Datacenter_2;153;host;4;40000;40000;160000;160000;10000;10000;
Datacenter_2;154;host;4;40000;40000;160000;160000;10000;10000;
Datacenter_2;155;host;4;40000;40000;160000;160000;10000;10000;
Datacenter_2;156;host;4;40000;40000;160000;160000;10000;10000;
Datacenter_2;157;host;4;40000;40000;160000;160000;10000;10000;
Datacenter_2;158;host;4;40000;40000;160000;160000;10000;10000;
Datacenter_2;159;host;4;40000;40000;160000;160000;10000;10000;
Datacenter_2;160;host;4;40000;40000;160000;160000;10000;10000;
Datacenter_2;161;host;4;40000;40000;160000;160000;10000;10000;
Datacenter_2;162;host;4;40000;40000;160000;160000;10000;10000;
Datacenter_2;163;host;4;40000;40000;160000;160000;10000;10000;
Datacenter_2;164;host;4;40000;40000;160000;160000;10000;10000;
Datacenter_2;165;host;4;40000;40000;160000;160000;10000;10000;
Datacenter_2;166;host;4;40000;40000;160000;160000;10000;10000;
Datacenter_2;167;host;4;40000;40000;160000;160000;10000;10000;
Datacenter_2;168;host;4;40000;40000;160000;160000;10000;10000;
Datacenter_2;169;host;4;40000;40000;160000;160000;10000;10000;
Datacenter_2;170;host;4;40000;40000;160000;160000;10000;10000;
Datacenter_2;171;host;4;40000;40000;160000;160000;10000;10000;
Datacenter_2;172;host;4;40000;40000;160000;160000;10000;10000;
Datacenter_2;173;host;4;40000;40000;160000;160000;10000;10000;
Datacenter_2;174;host;4;40000;40000;160000;160000;10000;10000;
Datacenter_2;175;host;4;40000;40000;160000;160000;10000;10000;
Datacenter_2;176;host;4;40000;40000;160000;160000;10000;10000;
Datacenter_2;177;host;4;40000;40000;160000;160000;10000;10000;
Datacenter_2;178;host;4;40000;40000;160000;160000;10000;10000;
Datacenter_2;179;host;4;40000;40000;160000;160000;10000;10000;
Datacenter_2;180;host;4;40000;40000;160000;160000;10000;10000;
Datacenter_2;181;host;4;40000;40000;160000;160000;10000;10000;
Datacenter_2;182;host;4;40000;40000;160000;160000;10000;10000;
Datacenter_2;183;host;4;40000;40000;160000;160000;10000;10000;
Datacenter_2;184;host;4;40000;40000;160000;160000;10000;10000;
Datacenter_2;185;host;4;40000;40000;160000;160000;10000;10000;
Datacenter_2;186;host;4;40000;40000;160000;160000;10000;10000;
Datacenter_2;187;host;4;40000;40000;160000;160000;10000;10000;
Datacenter_2;188;host;4;40000;40000;160000;160000;10000;10000;
Datacenter_2;189;host;4;40000;40000;160000;160000;10000;10000;
Datacenter_2;190;host;4;40000;40000;160000;160000;10000;10000;
Datacenter_2;191;host;4;40000;40000;160000;160000;10000;10000;
Datacenter_2;192;host;4;40000;40000;160000;160000;10000;10000;
Datacenter_2;193;host;4;40000;40000;160000;160000;10000;10000;
Datacenter_2;194;host;4;40000;40000;160000;160000;10000;10000;
Datacenter_2;195;host;4;40000;40000;160000;160000;10000;10000;
Datacenter_2;196;host;4;40000;40000;160000;160000;10000;10000;
Datacenter_2;197;host;4;40000;40000;160000;160000;10000;10000;
Datacenter_2;198;host;4;40000;40000;160000;160000;10000;10000;
Datacenter_2;199;host;4;40000;40000;160000;160000;10000;10000;
Datacenter_2;200;host;4;40000;40000;160000;160000;10000;10000;
Datacenter_2;201;host;4;40000;40000;160000;160000;10000;10000;
Datacenter_2;202;host;4;40000;40000;160000;160000;10000;10000;
Datacenter_2;203;host;4;40000;40000;160000;160000;10000;10000;
Datacenter_2;204;host;4;40000;40000;160000;160000;10000;10000;
Datacenter_2;205;host;4;40000;40000;160000;160000;10000;10000;
Datacenter_2;206;host;4;40000;40000;160000;160000;10000;10000;
Datacenter_2;207;host;4;40000;40000;160000;160000;10000;10000;
Datacenter_2;208;host;4;40000;40000;160000;160000;10000;10000;
Datacenter_2;209;host;4;40000;40000;160000;160000;10000;10000;
Datacenter_2;210;host;4;40000;40000;160000;160000;10000;10000;
Datacenter_2;211;host;4;40000;40000;160000;160000;10000;10000;
Datacenter_2;212;host;4;40000;40000;160000;160000;10000;10000;
Datacenter_2;213;host;4;40000;40000;160000;160000;10000;10000;
Datacenter_2;214;host;4;40000;40000;160000;160000;10000;10000;
Datacenter_2;215;host;4;40000;40000;160000;160000;10000;10000;
Datacenter_2;216;host;4;40000;40000;160000;160000;10000;10000;
Datacenter_2;217;host;4;40000;40000;160000;160000;10000;10000;
Datacenter_2;218;host;4;40000;40000;160000;160000;10000;10000;
Datacenter_2;219;host;4;40000;40000;160000;160000;10000;10000;
Datacenter_2;220;host;4;40000;40000;160000;160000;10000;10000;
Datacenter_2;221;host;4;40000;40000;160000;160000;10000;10000;
Datacenter_2;222;host;4;40000;40000;160000;160000;10000;10000;
Datacenter_2;223;host;4;40000;40000;160000;160000;10000;10000;
Datacenter_2;224;host;4;40000;40000;160000;160000;10000;10000;
Datacenter_2;225;host;4;40000;40000;160000;160000;10000;10000;
Datacenter_2;226;host;4;40000;40000;160000;160000;10000;10000;
Datacenter_2;227;host;4;40000;40000;160000;160000;10000;10000;
Datacenter_2;228;host;4;40000;40000;160000;160000;10000;10000;
Datacenter_2;229;host;4;40000;40000;160000;160000;10000;10000;
Datacenter_2;230;host;4;40000;40000;160000;160000;10000;10000;
Datacenter_2;231;host;4;40000;40000;160000;160000;10000;10000;
Datacenter_2;232;host;4;40000;40000;160000;160000;10000;10000;
Datacenter_2;233;host;4;40000;40000;160000;160000;10000;10000;
Datacenter_2;234;host;4;40000;40000;160000;160000;10000;10000;
Datacenter_2;235;host;4;40000;40000;160000;160000;10000;10000;
Datacenter_2;236;host;4;40000;40000;160000;160000;10000;10000;
Datacenter_2;237;host;4;40000;40000;160000;160000;10000;10000;
Datacenter_2;238;host;4;40000;40000;160000;160000;10000;10000;
Datacenter_2;239;host;4;40000;40000;160000;160000;10000;10000;
Datacenter_2;240;host;4;40000;40000;160000;160000;10000;10000;
Datacenter_2;241;host;4;40000;40000;160000;160000;10000;10000;
Datacenter_2;242;host;4;40000;40000;160000;160000;10000;10000;
Datacenter_2;243;host;4;40000;40000;160000;160000;10000;10000;
Datacenter_2;244;host;4;40000;40000;160000;160000;10000;10000;
Datacenter_2;245;host;4;40000;40000;160000;160000;10000;10000;
Datacenter_2;246;host;4;40000;40000;160000;160000;10000;10000;
Datacenter_2;247;host;4;40000;40000;160000;160000;10000;10000;
Datacenter_2;248;host;4;40000;40000;160000;160000;10000;10000;
Datacenter_2;249;host;4;40000;40000;160000;160000;10000;10000;
Datacenter_2;250;host;4;40000;40000;160000;160000;10000;10000;
Datacenter_2;251;host;4;40000;40000;160000;160000;10000;10000;
Datacenter_2;252;host;4;40000;40000;160000;160000;10000;10000;
Datacenter_2;253;host;4;40000;40000;160000;160000;10000;10000;
Datacenter_2;254;host;4;40000;40000;160000;160000;10000;10000;
Datacenter_2;255;host;4;40000;40000;160000;160000;10000;10000;
Datacenter_2;256;host;4;40000;40000;160000;160000;10000;10000;
Datacenter_2;257;host;4;40000;40000;160000;160000;10000;10000;
Datacenter_2;258;host;4;40000;40000;160000;160000;10000;10000;
Datacenter_2;259;host;4;40000;40000;160000;160000;10000;10000;
Datacenter_2;260;host;4;40000;40000;160000;160000;10000;10000;
Datacenter_2;261;host;4;40000;40000;160000;160000;10000;10000;
Datacenter_2;262;host;4;40000;40000;160000;160000;10000;10000;
Datacenter_2;263;host;4;40000;40000;160000;160000;10000;10000;
Datacenter_2;264;host;4;40000;40000;160000;160000;10000;10000;
Datacenter_2;265;host;4;40000;40000;160000;160000;10000;10000;
Datacenter_2;266;host;4;40000;40000;160000;160000;10000;10000;
Datacenter_2;267;host;4;40000;40000;160000;160000;10000;10000;
Datacenter_2;268;host;4;40000;40000;160000;160000;10000;10000;
Datacenter_2;269;host;4;40000;40000;160000;160000;10000;10000;
Datacenter_2;270;host;4;40000;40000;160000;160000;10000;10000;
Datacenter_2;271;host;4;40000;40000;160000;160000;10000;10000;
Datacenter_2;272;host;4;40000;40000;160000;160000;10000;10000;
Datacenter_2;273;host;4;40000;40000;160000;160000;10000;10000;
Datacenter_2;274;host;4;40000;40000;160000;160000;10000;10000;
Datacenter_2;275;host;4;40000;40000;160000;160000;10000;10000;
Datacenter_2;276;host;4;40000;40000;160000;160000;10000;10000;
Datacenter_2;277;host;4;40000;40000;160000;160000;10000;10000;
Datacenter_2;278;host;4;40000;40000;160000;160000;10000;10000;
Datacenter_2;279;host;4;40000;40000;160000;160000;10000;10000;
Datacenter_2;280;host;4;40000;40000;160000;160000;10000;10000;
Datacenter_2;281;host;4;40000;40000;160000;160000;10000;10000;
Datacenter_2;282;host;4;40000;40000;160000;160000;10000;10000;
Datacenter_2;283;host;4;40000;40000;160000;160000;10000;10000;
Datacenter_2;284;host;4;40000;40000;160000;160000;10000;10000;
Datacenter_2;285;host;4;40000;40000;160000;160000;10000;10000;
Datacenter_2;286;host;4;40000;40000;160000;160000;10000;10000;
Datacenter_2;287;host;4;40000;40000;160000;160000;10000;10000;
Datacenter_2;288;host;4;40000;40000;160000;160000;10000;10000;
Datacenter_2;289;host;4;40000;40000;160000;160000;10000;10000;
Datacenter_2;290;host;4;40000;40000;160000;160000;10000;10000;
Datacenter_2;291;host;4;40000;40000;160000;160000;10000;10000;
Datacenter_2;292;host;4;40000;40000;160000;160000;10000;10000;
Datacenter_2;293;host;4;40000;40000;160000;160000;10000;10000;
Datacenter_2;294;host;4;40000;40000;160000;160000;10000;10000;
Datacenter_2;295;host;4;40000;40000;160000;160000;10000;10000;
Datacenter_2;296;host;4;40000;40000;160000;160000;10000;10000;
Datacenter_2;297;host;4;40000;40000;160000;160000;10000;10000;
Datacenter_2;298;host;4;40000;40000;160000;160000;10000;10000;
Datacenter_2;299;host;4;40000;40000;160000;160000;10000;10000;
Datacenter_2;300;host;4;40000;40000;160000;160000;10000;10000;
Datacenter_2;301;host;4;40000;40000;160000;160000;10000;10000;
Datacenter_2;302;host;4;40000;40000;160000;160000;10000;10000;
Datacenter_2;303;host;4;40000;40000;160000;160000;10000;10000;
Datacenter_2;304;host;4;40000;40000;160000;160000;10000;10000;
Datacenter_2;305;host;4;40000;40000;160000;160000;10000;10000;
Datacenter_2;306;host;4;40000;40000;160000;160000;10000;10000;
Datacenter_2;307;host;4;40000;40000;160000;160000;10000;10000;
Datacenter_2;308;host;4;40000;40000;160000;160000;10000;10000;
Datacenter_2;309;host;4;40000;40000;160000;160000;10000;10000;
Datacenter_2;310;host;4;40000;40000;160000;160000;10000;10000;
Datacenter_2;311;host;4;40000;40000;160000;160000;10000;10000;
Datacenter_2;312;host;4;40000;40000;160000;160000;10000;10000;
Datacenter_2;313;host;4;40000;40000;160000;160000;10000;10000;
Datacenter_2;314;host;4;40000;40000;160000;160000;10000;10000;
Datacenter_2;315;host;4;40000;40000;160000;160000;10000;10000;
Datacenter_2;316;host;4;40000;40000;160000;160000;10000;10000;
Datacenter_2;317;host;4;40000;40000;160000;160000;10000;10000;
Datacenter_2;318;host;4;40000;40000;160000;160000;10000;10000;
Datacenter_2;319;host;4;40000;40000;160000;160000;10000;10000;
Datacenter_2;320;host;4;40000;40000;160000;160000;10000;10000;
Datacenter_2;321;host;4;40000;40000;160000;160000;10000;10000;
Datacenter_2;322;host;4;40000;40000;160000;160000;10000;10000;
Datacenter_2;323;host;4;40000;40000;160000;160000;10000;10000;
Datacenter_2;324;host;4;40000;40000;160000;160000;10000;10000;
Datacenter_2;325;host;4;40000;40000;160000;160000;10000;10000;
Datacenter_2;326;host;4;40000;40000;160000;160000;10000;10000;
Datacenter_2;327;host;4;40000;40000;160000;160000;10000;10000;
Datacenter_2;328;host;4;40000;40000;160000;160000;10000;10000;
Datacenter_2;329;host;4;40000;40000;160000;160000;10000;10000;
Datacenter_2;330;host;4;40000;40000;160000;160000;10000;10000;
Datacenter_2;331;host;4;40000;40000;160000;160000;10000;10000;
Datacenter_2;332;host;4;40000;40000;160000;160000;10000;10000;
Datacenter_2;333;host;4;40000;40000;160000;160000;10000;10000;
Datacenter_2;334;host;4;40000;40000;160000;160000;10000;10000;
Datacenter_2;335;host;4;40000;40000;160000;160000;10000;10000;
Datacenter_2;336;host;4;40000;40000;160000;160000;10000;10000;
Datacenter_2;337;host;4;40000;40000;160000;160000;10000;10000;
Datacenter_2;338;host;4;40000;40000;160000;160000;10000;10000;
Datacenter_2;339;host;4;40000;40000;160000;160000;10000;10000;
Datacenter_2;340;host;4;40000;40000;160000;160000;10000;10000;
Datacenter_2;341;host;4;40000;40000;160000;160000;10000;10000;
Datacenter_2;342;host;4;40000;40000;160000;160000;10000;10000;
Datacenter_2;343;host;4;40000;40000;160000;160000;10000;10000;
Datacenter_2;344;host;4;40000;40000;160000;160000;10000;10000;
Datacenter_2;345;host;4;40000;40000;160000;160000;10000;10000;
Datacenter_2;346;host;4;40000;40000;160000;160000;10000;10000;
Datacenter_2;347;host;4;40000;40000;160000;160000;10000;10000;
Datacenter_2;348;host;4;40000;40000;160000;160000;10000;10000;
Datacenter_2;349;host;4;40000;40000;160000;160000;10000;10000;
Datacenter_2;350;host;4;40000;40000;160000;160000;10000;10000;
Datacenter_2;351;host;4;40000;40000;160000;160000;10000;10000;
Datacenter_2;352;host;4;40000;40000;160000;160000;10000;10000;
Datacenter_2;353;host;4;40000;40000;160000;160000;10000;10000;
Datacenter_2;354;host;4;40000;40000;160000;160000;10000;10000;
Datacenter_2;355;host;4;40000;40000;160000;160000;10000;10000;
Datacenter_2;356;host;4;40000;40000;160000;160000;10000;10000;
Datacenter_2;357;host;4;40000;40000;160000;160000;10000;10000;
Datacenter_2;358;host;4;40000;40000;160000;160000;10000;10000;
Datacenter_2;359;host;4;40000;40000;160000;160000;10000;10000;
Datacenter_2;360;host;4;40000;40000;160000;160000;10000;10000;
Datacenter_2;361;host;4;40000;40000;160000;160000;10000;10000;
Datacenter_2;362;host;4;40000;40000;160000;160000;10000;10000;
Datacenter_2;363;host;4;40000;40000;160000;160000;10000;10000;
Datacenter_2;364;host;4;40000;40000;160000;160000;10000;10000;
Datacenter_2;365;host;4;40000;40000;160000;160000;10000;10000;
Datacenter_2;366;host;4;40000;40000;160000;160000;10000;10000;
Datacenter_2;367;host;4;40000;40000;160000;160000;10000;10000;
Datacenter_2;368;host;4;40000;40000;160000;160000;10000;10000;
Datacenter_2;369;host;4;40000;40000;160000;160000;10000;10000;
Datacenter_2;370;host;4;40000;40000;160000;160000;10000;10000;
Datacenter_2;371;host;4;40000;40000;160000;160000;10000;10000;
Datacenter_2;372;host;4;40000;40000;160000;160000;10000;10000;
Datacenter_2;373;host;4;40000;40000;160000;160000;10000;10000;
Datacenter_2;374;host;4;40000;40000;160000;160000;10000;10000;
Datacenter_2;375;host;4;40000;40000;160000;160000;10000;10000;
Datacenter_2;376;host;4;40000;40000;160000;160000;10000;10000;
Datacenter_2;377;host;4;40000;40000;160000;160000;10000;10000;
Datacenter_2;378;host;4;40000;40000;160000;160000;10000;10000;
Datacenter_2;379;host;4;40000;40000;160000;160000;10000;10000;
Datacenter_2;380;host;4;40000;40000;160000;160000;10000;10000;
Datacenter_2;381;host;4;40000;40000;160000;160000;10000;10000;
Datacenter_2;382;host;4;40000;40000;160000;160000;10000;10000;
Datacenter_2;383;host;4;40000;40000;160000;160000;10000;10000;
Datacenter_2;384;host;4;40000;40000;160000;160000;10000;10000;
Datacenter_2;385;host;4;40000;40000;160000;160000;10000;10000;
Datacenter_2;386;host;4;40000;40000;160000;160000;10000;10000;
Datacenter_2;387;host;4;40000;40000;160000;160000;10000;10000;
Datacenter_2;388;host;4;40000;40000;160000;160000;10000;10000;
Datacenter_2;389;host;4;40000;40000;160000;160000;10000;10000;
Datacenter_2;390;host;4;40000;40000;160000;160000;10000;10000;
Datacenter_2;391;host;4;40000;40000;160000;160000;10000;10000;
Datacenter_2;392;host;4;40000;40000;160000;160000;10000;10000;
Datacenter_2;393;host;4;40000;40000;160000;160000;10000;10000;
Datacenter_2;394;host;4;40000;40000;160000;160000;10000;10000;
Datacenter_2;395;host;4;40000;40000;160000;160000;10000;10000;
Datacenter_2;396;host;4;40000;40000;160000;160000;10000;10000;
Datacenter_2;397;host;4;40000;40000;160000;160000;10000;10000;
Datacenter_2;398;host;4;40000;40000;160000;160000;10000;10000;
Datacenter_2;399;host;4;40000;40000;160000;160000;10000;10000;
Datacenter_2;400;host;4;40000;40000;160000;160000;10000;10000;
Datacenter_2;401;host;4;40000;40000;160000;160000;10000;10000;
Datacenter_2;402;host;4;40000;40000;160000;160000;10000;10000;
Datacenter_2;403;host;4;40000;40000;160000;160000;10000;10000;
Datacenter_2;404;host;4;40000;40000;160000;160000;10000;10000;
Datacenter_2;405;host;4;40000;40000;160000;160000;10000;10000;
Datacenter_2;406;host;4;40000;40000;160000;160000;10000;10000;
Datacenter_2;407;host;4;40000;40000;160000;160000;10000;10000;
Datacenter_2;408;host;4;40000;40000;160000;160000;10000;10000;
Datacenter_2;409;host;4;40000;40000;160000;160000;10000;10000;
Datacenter_2;410;host;4;40000;40000;160000;160000;10000;10000;
Datacenter_2;411;host;4;40000;40000;160000;160000;10000;10000;
Datacenter_2;412;host;4;40000;40000;160000;160000;10000;10000;
Datacenter_2;413;host;4;40000;40000;160000;160000;10000;10000;
Datacenter_2;414;host;4;40000;40000;160000;160000;10000;10000;
Datacenter_2;415;host;4;40000;40000;160000;160000;10000;10000;
Datacenter_2;416;host;4;40000;40000;160000;160000;10000;10000;
Datacenter_2;417;host;4;40000;40000;160000;160000;10000;10000;
Datacenter_2;418;host;4;40000;40000;160000;160000;10000;10000;
Datacenter_2;419;host;4;40000;40000;160000;160000;10000;10000;
Datacenter_2;420;host;4;40000;40000;160000;160000;10000;10000;
Datacenter_2;421;host;4;40000;40000;160000;160000;10000;10000;
Datacenter_2;422;host;4;40000;40000;160000;160000;10000;10000;
Datacenter_2;423;host;4;40000;40000;160000;160000;10000;10000;
Datacenter_2;424;host;4;40000;40000;160000;160000;10000;10000;
Datacenter_2;425;host;4;40000;40000;160000;160000;10000;10000;
Datacenter_2;426;host;4;40000;40000;160000;160000;10000;10000;
Datacenter_2;427;host;4;40000;40000;160000;160000;10000;10000;
Datacenter_2;428;host;4;40000;40000;160000;160000;10000;10000;
Datacenter_2;429;host;4;40000;40000;160000;160000;10000;10000;
Datacenter_2;430;host;4;40000;40000;160000;160000;10000;10000;
Datacenter_2;431;host;4;40000;40000;160000;160000;10000;10000;
Datacenter_2;432;host;4;40000;40000;160000;160000;10000;10000;
Datacenter_2;433;host;4;40000;40000;160000;160000;10000;10000;
Datacenter_2;434;host;4;40000;40000;160000;160000;10000;10000;
Datacenter_2;435;host;4;40000;40000;160000;160000;10000;10000;
Datacenter_2;436;host;4;40000;40000;160000;160000;10000;10000;
Datacenter_2;437;host;4;40000;40000;160000;160000;10000;10000;
Datacenter_2;438;host;4;40000;40000;160000;160000;10000;10000;
Datacenter_2;439;host;4;40000;40000;160000;160000;10000;10000;
Datacenter_2;440;host;4;40000;40000;160000;160000;10000;10000;
Datacenter_2;441;host;4;40000;40000;160000;160000;10000;10000;
Datacenter_2;442;host;4;40000;40000;160000;160000;10000;10000;
Datacenter_2;443;host;4;40000;40000;160000;160000;10000;10000;
Datacenter_2;444;host;4;40000;40000;160000;160000;10000;10000;
Datacenter_2;445;host;4;40000;40000;160000;160000;10000;10000;
Datacenter_2;446;host;4;40000;40000;160000;160000;10000;10000;
Datacenter_2;447;host;4;40000;40000;160000;160000;10000;10000;
Datacenter_2;448;host;4;40000;40000;160000;160000;10000;10000;
Datacenter_2;449;host;4;40000;40000;160000;160000;10000;10000;
Datacenter_2;450;host;4;40000;40000;160000;160000;10000;10000;
Datacenter_2;451;host;4;40000;40000;160000;160000;10000;10000;
Datacenter_2;452;host;4;40000;40000;160000;160000;10000;10000;
Datacenter_2;453;host;4;40000;40000;160000;160000;10000;10000;
Datacenter_2;454;host;4;40000;40000;160000;160000;10000;10000;
Datacenter_2;455;host;4;40000;40000;160000;160000;10000;10000;
Datacenter_2;456;host;4;40000;40000;160000;160000;10000;10000;
Datacenter_2;457;host;4;40000;40000;160000;160000;10000;10000;
Datacenter_2;458;host;4;40000;40000;160000;160000;10000;10000;
Datacenter_2;459;host;4;40000;40000;160000;160000;10000;10000;
Datacenter_2;460;host;4;40000;40000;160000;160000;10000;10000;
Datacenter_2;461;host;4;40000;40000;160000;160000;10000;10000;
Datacenter_2;462;host;4;40000;40000;160000;160000;10000;10000;
Datacenter_2;463;host;4;40000;40000;160000;160000;10000;10000;
Datacenter_2;464;host;4;40000;40000;160000;160000;10000;10000;
Datacenter_2;465;host;4;40000;40000;160000;160000;10000;10000;
Datacenter_2;466;host;4;40000;40000;160000;160000;10000;10000;
Datacenter_2;467;host;4;40000;40000;160000;160000;10000;10000;
Datacenter_2;468;host;4;40000;40000;160000;160000;10000;10000;
Datacenter_2;469;host;4;40000;40000;160000;160000;10000;10000;
Datacenter_2;470;host;4;40000;40000;160000;160000;10000;10000;
Datacenter_2;471;host;4;40000;40000;160000;160000;10000;10000;
Datacenter_2;472;host;4;40000;40000;160000;160000;10000;10000;
Datacenter_2;473;host;4;40000;40000;160000;160000;10000;10000;
Datacenter_2;474;host;4;40000;40000;160000;160000;10000;10000;
Datacenter_2;475;host;4;40000;40000;160000;160000;10000;10000;
Datacenter_2;476;host;4;40000;40000;160000;160000;10000;10000;
Datacenter_2;477;host;4;40000;40000;160000;160000;10000;10000;
Datacenter_2;478;host;4;40000;40000;160000;160000;10000;10000;
Datacenter_2;479;host;4;40000;40000;160000;160000;10000;10000;
Datacenter_2;480;host;4;40000;40000;160000;160000;10000;10000;
Datacenter_2;481;host;4;40000;40000;160000;160000;10000;10000;
Datacenter_2;482;host;4;40000;40000;160000;160000;10000;10000;
Datacenter_2;483;host;4;40000;40000;160000;160000;10000;10000;
Datacenter_2;484;host;4;40000;40000;160000;160000;10000;10000;
Datacenter_2;485;host;4;40000;40000;160000;160000;10000;10000;
Datacenter_2;486;host;4;40000;40000;160000;160000;10000;10000;
Datacenter_2;487;host;4;40000;40000;160000;160000;10000;10000;
Datacenter_2;488;host;4;40000;40000;160000;160000;10000;10000;
Datacenter_2;489;host;4;40000;40000;160000;160000;10000;10000;
Datacenter_2;490;host;4;40000;40000;160000;160000;10000;10000;
Datacenter_2;491;host;4;40000;40000;160000;160000;10000;10000;
Datacenter_2;492;host;4;40000;40000;160000;160000;10000;10000;
Datacenter_2;493;host;4;40000;40000;160000;160000;10000;10000;
Datacenter_2;494;host;4;40000;40000;160000;160000;10000;10000;
Datacenter_2;495;host;4;40000;40000;160000;160000;10000;10000;
Datacenter_2;496;host;4;40000;40000;160000;160000;10000;10000;
Datacenter_2;497;host;4;40000;40000;160000;160000;10000;10000;
Datacenter_2;498;host;4;40000;40000;160000;160000;10000;10000;
Datacenter_2;499;host;4;40000;40000;160000;160000;10000;10000;
Datacenter_3;0;host;4;40000;40000;160000;160000;10000;10000;
Datacenter_3;1;host;4;40000;40000;160000;160000;10000;10000;
Datacenter_3;2;host;4;40000;40000;160000;160000;10000;10000;
Datacenter_3;3;host;4;40000;40000;160000;160000;10000;10000;
Datacenter_3;4;host;4;40000;40000;160000;160000;10000;10000;
Datacenter_3;5;host;4;40000;40000;160000;160000;10000;10000;
Datacenter_3;6;host;4;40000;40000;160000;160000;10000;10000;
Datacenter_3;7;host;4;40000;40000;160000;160000;10000;10000;
Datacenter_3;8;host;4;40000;40000;160000;160000;10000;10000;
Datacenter_3;9;host;4;40000;40000;160000;160000;10000;10000;
Datacenter_3;10;host;4;40000;40000;160000;160000;10000;10000;
Datacenter_3;11;host;4;40000;40000;160000;160000;10000;10000;
Datacenter_3;12;host;4;40000;40000;160000;160000;10000;10000;
Datacenter_3;13;host;4;40000;40000;160000;160000;10000;10000;
Datacenter_3;14;host;4;40000;40000;160000;160000;10000;10000;
Datacenter_3;15;host;4;40000;40000;160000;160000;10000;10000;
Datacenter_3;16;host;4;40000;40000;160000;160000;10000;10000;
Datacenter_3;17;host;4;40000;40000;160000;160000;10000;10000;
Datacenter_3;18;host;4;40000;40000;160000;160000;10000;10000;
Datacenter_3;19;host;4;40000;40000;160000;160000;10000;10000;
Datacenter_3;20;host;4;40000;40000;160000;160000;10000;10000;
Datacenter_3;21;host;4;40000;40000;160000;160000;10000;10000;
Datacenter_3;22;host;4;40000;40000;160000;160000;10000;10000;
Datacenter_3;23;host;4;40000;40000;160000;160000;10000;10000;
Datacenter_3;24;host;4;40000;40000;160000;160000;10000;10000;
Datacenter_3;25;host;4;40000;40000;160000;160000;10000;10000;
Datacenter_3;26;host;4;40000;40000;160000;160000;10000;10000;
Datacenter_3;27;host;4;40000;40000;160000;160000;10000;10000;
Datacenter_3;28;host;4;40000;40000;160000;160000;10000;10000;
Datacenter_3;29;host;4;40000;40000;160000;160000;10000;10000;
Datacenter_3;30;host;4;40000;40000;160000;160000;10000;10000;
Datacenter_3;31;host;4;40000;40000;160000;160000;10000;10000;
Datacenter_3;32;host;4;40000;40000;160000;160000;10000;10000;
Datacenter_3;33;host;4;40000;40000;160000;160000;10000;10000;
Datacenter_3;34;host;4;40000;40000;160000;160000;10000;10000;
Datacenter_3;35;host;4;40000;40000;160000;160000;10000;10000;
Datacenter_3;36;host;4;40000;40000;160000;160000;10000;10000;
Datacenter_3;37;host;4;40000;40000;160000;160000;10000;10000;
Datacenter_3;38;host;4;40000;40000;160000;160000;10000;10000;
Datacenter_3;39;host;4;40000;40000;160000;160000;10000;10000;
Datacenter_3;40;host;4;40000;40000;160000;160000;10000;10000;
Datacenter_3;41;host;4;40000;40000;160000;160000;10000;10000;
Datacenter_3;42;host;4;40000;40000;160000;160000;10000;10000;
Datacenter_3;43;host;4;40000;40000;160000;160000;10000;10000;
Datacenter_3;44;host;4;40000;40000;160000;160000;10000;10000;
Datacenter_3;45;host;4;40000;40000;160000;160000;10000;10000;
Datacenter_3;46;host;4;40000;40000;160000;160000;10000;10000;
Datacenter_3;47;host;4;40000;40000;160000;160000;10000;10000;
Datacenter_3;48;host;4;40000;40000;160000;160000;10000;10000;
Datacenter_3;49;host;4;40000;40000;160000;160000;10000;10000;
Datacenter_3;50;host;4;40000;40000;160000;160000;10000;10000;
Datacenter_3;51;host;4;40000;40000;160000;160000;10000;10000;
Datacenter_3;52;host;4;40000;40000;160000;160000;10000;10000;
Datacenter_3;53;host;4;40000;40000;160000;160000;10000;10000;
Datacenter_3;54;host;4;40000;40000;160000;160000;10000;10000;
Datacenter_3;55;host;4;40000;40000;160000;160000;10000;10000;
Datacenter_3;56;host;4;40000;40000;160000;160000;10000;10000;
Datacenter_3;57;host;4;40000;40000;160000;160000;10000;10000;
Datacenter_3;58;host;4;40000;40000;160000;160000;10000;10000;
Datacenter_3;59;host;4;40000;40000;160000;160000;10000;10000;
Datacenter_3;60;host;4;40000;40000;160000;160000;10000;10000;
Datacenter_3;61;host;4;40000;40000;160000;160000;10000;10000;
Datacenter_3;62;host;4;40000;40000;160000;160000;10000;10000;
Datacenter_3;63;host;4;40000;40000;160000;160000;10000;10000;
Datacenter_3;64;host;4;40000;40000;160000;160000;10000;10000;
Datacenter_3;65;host;4;40000;40000;160000;160000;10000;10000;
Datacenter_3;66;host;4;40000;40000;160000;160000;10000;10000;
Datacenter_3;67;host;4;40000;40000;160000;160000;10000;10000;
Datacenter_3;68;host;4;40000;40000;160000;160000;10000;10000;
Datacenter_3;69;host;4;40000;40000;160000;160000;10000;10000;
Datacenter_3;70;host;4;40000;40000;160000;160000;10000;10000;
Datacenter_3;71;host;4;40000;40000;160000;160000;10000;10000;
Datacenter_3;72;host;4;40000;40000;160000;160000;10000;10000;
Datacenter_3;73;host;4;40000;40000;160000;160000;10000;10000;
Datacenter_3;74;host;4;40000;40000;160000;160000;10000;10000;
Datacenter_3;75;host;4;40000;40000;160000;160000;10000;10000;
Datacenter_3;76;host;4;40000;40000;160000;160000;10000;10000;
Datacenter_3;77;host;4;40000;40000;160000;160000;10000;10000;
Datacenter_3;78;host;4;40000;40000;160000;160000;10000;10000;
Datacenter_3;79;host;4;40000;40000;160000;160000;10000;10000;
Datacenter_3;80;host;4;40000;40000;160000;160000;10000;10000;
Datacenter_3;81;host;4;40000;40000;160000;160000;10000;10000;
Datacenter_3;82;host;4;40000;40000;160000;160000;10000;10000;
Datacenter_3;83;host;4;40000;40000;160000;160000;10000;10000;
Datacenter_3;84;host;4;40000;40000;160000;160000;10000;10000;
Datacenter_3;85;host;4;40000;40000;160000;160000;10000;10000;
Datacenter_3;86;host;4;40000;40000;160000;160000;10000;10000;
Datacenter_3;87;host;4;40000;40000;160000;160000;10000;10000;
Datacenter_3;88;host;4;40000;40000;160000;160000;10000;10000;
Datacenter_3;89;host;4;40000;40000;160000;160000;10000;10000;
Datacenter_3;90;host;4;40000;40000;160000;160000;10000;10000;
Datacenter_3;91;host;4;40000;40000;160000;160000;10000;10000;
Datacenter_3;92;host;4;40000;40000;160000;160000;10000;10000;
Datacenter_3;93;host;4;40000;40000;160000;160000;10000;10000;
Datacenter_3;94;host;4;40000;40000;160000;160000;10000;10000;
Datacenter_3;95;host;4;40000;40000;160000;160000;10000;10000;
Datacenter_3;96;host;4;40000;40000;160000;160000;10000;10000;
Datacenter_3;97;host;4;40000;40000;160000;160000;10000;10000;
Datacenter_3;98;host;4;40000;40000;160000;160000;10000;10000;
Datacenter_3;99;host;4;40000;40000;160000;160000;10000;10000;
Datacenter_3;100;host;4;40000;40000;160000;160000;10000;10000;
Datacenter_3;101;host;4;40000;40000;160000;160000;10000;10000;
Datacenter_3;102;host;4;40000;40000;160000;160000;10000;10000;
Datacenter_3;103;host;4;40000;40000;160000;160000;10000;10000;
Datacenter_3;104;host;4;40000;40000;160000;160000;10000;10000;
Datacenter_3;105;host;4;40000;40000;160000;160000;10000;10000;
Datacenter_3;106;host;4;40000;40000;160000;160000;10000;10000;
Datacenter_3;107;host;4;40000;40000;160000;160000;10000;10000;
Datacenter_3;108;host;4;40000;40000;160000;160000;10000;10000;
Datacenter_3;109;host;4;40000;40000;160000;160000;10000;10000;
Datacenter_3;110;host;4;40000;40000;160000;160000;10000;10000;
Datacenter_3;111;host;4;40000;40000;160000;160000;10000;10000;
Datacenter_3;112;host;4;40000;40000;160000;160000;10000;10000;
Datacenter_3;113;host;4;40000;40000;160000;160000;10000;10000;
Datacenter_3;114;host;4;40000;40000;160000;160000;10000;10000;
Datacenter_3;115;host;4;40000;40000;160000;160000;10000;10000;
Datacenter_3;116;host;4;40000;40000;160000;160000;10000;10000;
Datacenter_3;117;host;4;40000;40000;160000;160000;10000;10000;
Datacenter_3;118;host;4;40000;40000;160000;160000;10000;10000;
Datacenter_3;119;host;4;40000;40000;160000;160000;10000;10000;
Datacenter_3;120;host;4;40000;40000;160000;160000;10000;10000;
Datacenter_3;121;host;4;40000;40000;160000;160000;10000;10000;
Datacenter_3;122;host;4;40000;40000;160000;160000;10000;10000;
Datacenter_3;123;host;4;40000;40000;160000;160000;10000;10000;
Datacenter_3;124;host;4;40000;40000;160000;160000;10000;10000;
Datacenter_3;125;host;4;40000;40000;160000;160000;10000;10000;
Datacenter_3;126;host;4;40000;40000;160000;160000;10000;10000;
Datacenter_3;127;host;4;40000;40000;160000;160000;10000;10000;
Datacenter_3;128;host;4;40000;40000;160000;160000;10000;10000;
Datacenter_3;129;host;4;40000;40000;160000;160000;10000;10000;
Datacenter_3;130;host;4;40000;40000;160000;160000;10000;10000;
Datacenter_3;131;host;4;40000;40000;160000;160000;10000;10000;
Datacenter_3;132;host;4;40000;40000;160000;160000;10000;10000;
Datacenter_3;133;host;4;40000;40000;160000;160000;10000;10000;
Datacenter_3;134;host;4;40000;40000;160000;160000;10000;10000;
Datacenter_3;135;host;4;40000;40000;160000;160000;10000;10000;
Datacenter_3;136;host;4;40000;40000;160000;160000;10000;10000;
Datacenter_3;137;host;4;40000;40000;160000;160000;10000;10000;
Datacenter_3;138;host;4;40000;40000;160000;160000;10000;10000;
Datacenter_3;139;host;4;40000;40000;160000;160000;10000;10000;
Datacenter_3;140;host;4;40000;40000;160000;160000;10000;10000;
Datacenter_3;141;host;4;40000;40000;160000;160000;10000;10000;
Datacenter_3;142;host;4;40000;40000;160000;160000;10000;10000;
Datacenter_3;143;host;4;40000;40000;160000;160000;10000;10000;
Datacenter_3;144;host;4;40000;40000;160000;160000;10000;10000;
Datacenter_3;145;host;4;40000;40000;160000;160000;10000;10000;
Datacenter_3;146;host;4;40000;40000;160000;160000;10000;10000;
Datacenter_3;147;host;4;40000;40000;160000;160000;10000;10000;
Datacenter_3;148;host;4;40000;40000;160000;160000;10000;10000;
Datacenter_3;149;host;4;40000;40000;160000;160000;10000;10000;
Datacenter_3;150;host;4;40000;40000;160000;160000;10000;10000;
Datacenter_3;151;host;4;40000;40000;160000;160000;10000;10000;
Datacenter_3;152;host;4;40000;40000;160000;160000;10000;10000;
Datacenter_3;153;host;4;40000;40000;160000;160000;10000;10000;
Datacenter_3;154;host;4;40000;40000;160000;160000;10000;10000;
Datacenter_3;155;host;4;40000;40000;160000;160000;10000;10000;
Datacenter_3;156;host;4;40000;40000;160000;160000;10000;10000;
Datacenter_3;157;host;4;40000;40000;160000;160000;10000;10000;
Datacenter_3;158;host;4;40000;40000;160000;160000;10000;10000;
Datacenter_3;159;host;4;40000;40000;160000;160000;10000;10000;
Datacenter_3;160;host;4;40000;40000;160000;160000;10000;10000;
Datacenter_3;161;host;4;40000;40000;160000;160000;10000;10000;
Datacenter_3;162;host;4;40000;40000;160000;160000;10000;10000;
Datacenter_3;163;host;4;40000;40000;160000;160000;10000;10000;
Datacenter_3;164;host;4;40000;40000;160000;160000;10000;10000;
Datacenter_3;165;host;4;40000;40000;160000;160000;10000;10000;
Datacenter_3;166;host;4;40000;40000;160000;160000;10000;10000;
Datacenter_3;167;host;4;40000;40000;160000;160000;10000;10000;
Datacenter_3;168;host;4;40000;40000;160000;160000;10000;10000;
Datacenter_3;169;host;4;40000;40000;160000;160000;10000;10000;
Datacenter_3;170;host;4;40000;40000;160000;160000;10000;10000;
Datacenter_3;171;host;4;40000;40000;160000;160000;10000;10000;
Datacenter_3;172;host;4;40000;40000;160000;160000;10000;10000;
Datacenter_3;173;host;4;40000;40000;160000;160000;10000;10000;
Datacenter_3;174;host;4;40000;40000;160000;160000;10000;10000;
Datacenter_3;175;host;4;40000;40000;160000;160000;10000;10000;
Datacenter_3;176;host;4;40000;40000;160000;160000;10000;10000;
Datacenter_3;177;host;4;40000;40000;160000;160000;10000;10000;
Datacenter_3;178;host;4;40000;40000;160000;160000;10000;10000;
Datacenter_3;179;host;4;40000;40000;160000;160000;10000;10000;
Datacenter_3;180;host;4;40000;40000;160000;160000;10000;10000;
Datacenter_3;181;host;4;40000;40000;160000;160000;10000;10000;
Datacenter_3;182;host;4;40000;40000;160000;160000;10000;10000;
Datacenter_3;183;host;4;40000;40000;160000;160000;10000;10000;
Datacenter_3;184;host;4;40000;40000;160000;160000;10000;10000;
Datacenter_3;185;host;4;40000;40000;160000;160000;10000;10000;
Datacenter_3;186;host;4;40000;40000;160000;160000;10000;10000;
Datacenter_3;187;host;4;40000;40000;160000;160000;10000;10000;
Datacenter_3;188;host;4;40000;40000;160000;160000;10000;10000;
Datacenter_3;189;host;4;40000;40000;160000;160000;10000;10000;
Datacenter_3;190;host;4;40000;40000;160000;160000;10000;10000;
Datacenter_3;191;host;4;40000;40000;160000;160000;10000;10000;
Datacenter_3;192;host;4;40000;40000;160000;160000;10000;10000;
Datacenter_3;193;host;4;40000;40000;160000;160000;10000;10000;
Datacenter_3;194;host;4;40000;40000;160000;160000;10000;10000;
Datacenter_3;195;host;4;40000;40000;160000;160000;10000;10000;
Datacenter_3;196;host;4;40000;40000;160000;160000;10000;10000;
Datacenter_3;197;host;4;40000;40000;160000;160000;10000;10000;
Datacenter_3;198;host;4;40000;40000;160000;160000;10000;10000;
Datacenter_3;199;host;4;40000;40000;160000;160000;10000;10000;
Datacenter_3;200;host;4;40000;40000;160000;160000;10000;10000;
Datacenter_3;201;host;4;40000;40000;160000;160000;10000;10000;
Datacenter_3;202;host;4;40000;40000;160000;160000;10000;10000;
Datacenter_3;203;host;4;40000;40000;160000;160000;10000;10000;
Datacenter_3;204;host;4;40000;40000;160000;160000;10000;10000;
Datacenter_3;205;host;4;40000;40000;160000;160000;10000;10000;
Datacenter_3;206;host;4;40000;40000;160000;160000;10000;10000;
Datacenter_3;207;host;4;40000;40000;160000;160000;10000;10000;
Datacenter_3;208;host;4;40000;40000;160000;160000;10000;10000;
Datacenter_3;209;host;4;40000;40000;160000;160000;10000;10000;
Datacenter_3;210;host;4;40000;40000;160000;160000;10000;10000;
Datacenter_3;211;host;4;40000;40000;160000;160000;10000;10000;
Datacenter_3;212;host;4;40000;40000;160000;160000;10000;10000;
Datacenter_3;213;host;4;40000;40000;160000;160000;10000;10000;
Datacenter_3;214;host;4;40000;40000;160000;160000;10000;10000;
Datacenter_3;215;host;4;40000;40000;160000;160000;10000;10000;
Datacenter_3;216;host;4;40000;40000;160000;160000;10000;10000;
Datacenter_3;217;host;4;40000;40000;160000;160000;10000;10000;
Datacenter_3;218;host;4;40000;40000;160000;160000;10000;10000;
Datacenter_3;219;host;4;40000;40000;160000;160000;10000;10000;
Datacenter_3;220;host;4;40000;40000;160000;160000;10000;10000;
Datacenter_3;221;host;4;40000;40000;160000;160000;10000;10000;
Datacenter_3;222;host;4;40000;40000;160000;160000;10000;10000;
Datacenter_3;223;host;4;40000;40000;160000;160000;10000;10000;
Datacenter_3;224;host;4;40000;40000;160000;160000;10000;10000;
Datacenter_3;225;host;4;40000;40000;160000;160000;10000;10000;
Datacenter_3;226;host;4;40000;40000;160000;160000;10000;10000;
Datacenter_3;227;host;4;40000;40000;160000;160000;10000;10000;
Datacenter_3;228;host;4;40000;40000;160000;160000;10000;10000;
Datacenter_3;229;host;4;40000;40000;160000;160000;10000;10000;
Datacenter_3;230;host;4;40000;40000;160000;160000;10000;10000;
Datacenter_3;231;host;4;40000;40000;160000;160000;10000;10000;
Datacenter_3;232;host;4;40000;40000;160000;160000;10000;10000;
Datacenter_3;233;host;4;40000;40000;160000;160000;10000;10000;
Datacenter_3;234;host;4;40000;40000;160000;160000;10000;10000;
Datacenter_3;235;host;4;40000;40000;160000;160000;10000;10000;
Datacenter_3;236;host;4;40000;40000;160000;160000;10000;10000;
Datacenter_3;237;host;4;40000;40000;160000;160000;10000;10000;
Datacenter_3;238;host;4;40000;40000;160000;160000;10000;10000;
Datacenter_3;239;host;4;40000;40000;160000;160000;10000;10000;
Datacenter_3;240;host;4;40000;40000;160000;160000;10000;10000;
Datacenter_3;241;host;4;40000;40000;160000;160000;10000;10000;
Datacenter_3;242;host;4;40000;40000;160000;160000;10000;10000;
Datacenter_3;243;host;4;40000;40000;160000;160000;10000;10000;
Datacenter_3;244;host;4;40000;40000;160000;160000;10000;10000;
Datacenter_3;245;host;4;40000;40000;160000;160000;10000;10000;
Datacenter_3;246;host;4;40000;40000;160000;160000;10000;10000;
Datacenter_3;247;host;4;40000;40000;160000;160000;10000;10000;
Datacenter_3;248;host;4;40000;40000;160000;160000;10000;10000;
Datacenter_3;249;host;4;40000;40000;160000;160000;10000;10000;
Datacenter_3;250;host;4;40000;40000;160000;160000;10000;10000;
Datacenter_3;251;host;4;40000;40000;160000;160000;10000;10000;
Datacenter_3;252;host;4;40000;40000;160000;160000;10000;10000;
Datacenter_3;253;host;4;40000;40000;160000;160000;10000;10000;
Datacenter_3;254;host;4;40000;40000;160000;160000;10000;10000;
Datacenter_3;255;host;4;40000;40000;160000;160000;10000;10000;
Datacenter_3;256;host;4;40000;40000;160000;160000;10000;10000;
Datacenter_3;257;host;4;40000;40000;160000;160000;10000;10000;
Datacenter_3;258;host;4;40000;40000;160000;160000;10000;10000;
Datacenter_3;259;host;4;40000;40000;160000;160000;10000;10000;
Datacenter_3;260;host;4;40000;40000;160000;160000;10000;10000;
Datacenter_3;261;host;4;40000;40000;160000;160000;10000;10000;
Datacenter_3;262;host;4;40000;40000;160000;160000;10000;10000;
Datacenter_3;263;host;4;40000;40000;160000;160000;10000;10000;
Datacenter_3;264;host;4;40000;40000;160000;160000;10000;10000;
Datacenter_3;265;host;4;40000;40000;160000;160000;10000;10000;
Datacenter_3;266;host;4;40000;40000;160000;160000;10000;10000;
Datacenter_3;267;host;4;40000;40000;160000;160000;10000;10000;
Datacenter_3;268;host;4;40000;40000;160000;160000;10000;10000;
Datacenter_3;269;host;4;40000;40000;160000;160000;10000;10000;
Datacenter_3;270;host;4;40000;40000;160000;160000;10000;10000;
Datacenter_3;271;host;4;40000;40000;160000;160000;10000;10000;
Datacenter_3;272;host;4;40000;40000;160000;160000;10000;10000;
Datacenter_3;273;host;4;40000;40000;160000;160000;10000;10000;
Datacenter_3;274;host;4;40000;40000;160000;160000;10000;10000;
Datacenter_3;275;host;4;40000;40000;160000;160000;10000;10000;
Datacenter_3;276;host;4;40000;40000;160000;160000;10000;10000;
Datacenter_3;277;host;4;40000;40000;160000;160000;10000;10000;
Datacenter_3;278;host;4;40000;40000;160000;160000;10000;10000;
Datacenter_3;279;host;4;40000;40000;160000;160000;10000;10000;
Datacenter_3;280;host;4;40000;40000;160000;160000;10000;10000;
Datacenter_3;281;host;4;40000;40000;160000;160000;10000;10000;
Datacenter_3;282;host;4;40000;40000;160000;160000;10000;10000;
Datacenter_3;283;host;4;40000;40000;160000;160000;10000;10000;
Datacenter_3;284;host;4;40000;40000;160000;160000;10000;10000;
Datacenter_3;285;host;4;40000;40000;160000;160000;10000;10000;
Datacenter_3;286;host;4;40000;40000;160000;160000;10000;10000;
Datacenter_3;287;host;4;40000;40000;160000;160000;10000;10000;
Datacenter_3;288;host;4;40000;40000;160000;160000;10000;10000;
Datacenter_3;289;host;4;40000;40000;160000;160000;10000;10000;
Datacenter_3;290;host;4;40000;40000;160000;160000;10000;10000;
Datacenter_3;291;host;4;40000;40000;160000;160000;10000;10000;
Datacenter_3;292;host;4;40000;40000;160000;160000;10000;10000;
Datacenter_3;293;host;4;40000;40000;160000;160000;10000;10000;
Datacenter_3;294;host;4;40000;40000;160000;160000;10000;10000;
Datacenter_3;295;host;4;40000;40000;160000;160000;10000;10000;
Datacenter_3;296;host;4;40000;40000;160000;160000;10000;10000;
Datacenter_3;297;host;4;40000;40000;160000;160000;10000;10000;
Datacenter_3;298;host;4;40000;40000;160000;160000;10000;10000;
Datacenter_3;299;host;4;40000;40000;160000;160000;10000;10000;
Datacenter_3;300;host;4;40000;40000;160000;160000;10000;10000;
Datacenter_3;301;host;4;40000;40000;160000;160000;10000;10000;
Datacenter_3;302;host;4;40000;40000;160000;160000;10000;10000;
Datacenter_3;303;host;4;40000;40000;160000;160000;10000;10000;
Datacenter_3;304;host;4;40000;40000;160000;160000;10000;10000;
Datacenter_3;305;host;4;40000;40000;160000;160000;10000;10000;
Datacenter_3;306;host;4;40000;40000;160000;160000;10000;10000;
Datacenter_3;307;host;4;40000;40000;160000;160000;10000;10000;
Datacenter_3;308;host;4;40000;40000;160000;160000;10000;10000;
Datacenter_3;309;host;4;40000;40000;160000;160000;10000;10000;
Datacenter_3;310;host;4;40000;40000;160000;160000;10000;10000;
Datacenter_3;311;host;4;40000;40000;160000;160000;10000;10000;
Datacenter_3;312;host;4;40000;40000;160000;160000;10000;10000;
Datacenter_3;313;host;4;40000;40000;160000;160000;10000;10000;
Datacenter_3;314;host;4;40000;40000;160000;160000;10000;10000;
Datacenter_3;315;host;4;40000;40000;160000;160000;10000;10000;
Datacenter_3;316;host;4;40000;40000;160000;160000;10000;10000;
Datacenter_3;317;host;4;40000;40000;160000;160000;10000;10000;
Datacenter_3;318;host;4;40000;40000;160000;160000;10000;10000;
Datacenter_3;319;host;4;40000;40000;160000;160000;10000;10000;
Datacenter_3;320;host;4;40000;40000;160000;160000;10000;10000;
Datacenter_3;321;host;4;40000;40000;160000;160000;10000;10000;
Datacenter_3;322;host;4;40000;40000;160000;160000;10000;10000;
Datacenter_3;323;host;4;40000;40000;160000;160000;10000;10000;
Datacenter_3;324;host;4;40000;40000;160000;160000;10000;10000;
Datacenter_3;325;host;4;40000;40000;160000;160000;10000;10000;
Datacenter_3;326;host;4;40000;40000;160000;160000;10000;10000;
Datacenter_3;327;host;4;40000;40000;160000;160000;10000;10000;
Datacenter_3;328;host;4;40000;40000;160000;160000;10000;10000;
Datacenter_3;329;host;4;40000;40000;160000;160000;10000;10000;
Datacenter_3;330;host;4;40000;40000;160000;160000;10000;10000;
Datacenter_3;331;host;4;40000;40000;160000;160000;10000;10000;
Datacenter_3;332;host;4;40000;40000;160000;160000;10000;10000;
Datacenter_3;333;host;4;40000;40000;160000;160000;10000;10000;
Datacenter_3;334;host;4;40000;40000;160000;160000;10000;10000;
Datacenter_3;335;host;4;40000;40000;160000;160000;10000;10000;
Datacenter_3;336;host;4;40000;40000;160000;160000;10000;10000;
Datacenter_3;337;host;4;40000;40000;160000;160000;10000;10000;
Datacenter_3;338;host;4;40000;40000;160000;160000;10000;10000;
Datacenter_3;339;host;4;40000;40000;160000;160000;10000;10000;
Datacenter_3;340;host;4;40000;40000;160000;160000;10000;10000;
Datacenter_3;341;host;4;40000;40000;160000;160000;10000;10000;
Datacenter_3;342;host;4;40000;40000;160000;160000;10000;10000;
Datacenter_3;343;host;4;40000;40000;160000;160000;10000;10000;
Datacenter_3;344;host;4;40000;40000;160000;160000;10000;10000;
Datacenter_3;345;host;4;40000;40000;160000;160000;10000;10000;
Datacenter_3;346;host;4;40000;40000;160000;160000;10000;10000;
Datacenter_3;347;host;4;40000;40000;160000;160000;10000;10000;
Datacenter_3;348;host;4;40000;40000;160000;160000;10000;10000;
Datacenter_3;349;host;4;40000;40000;160000;160000;10000;10000;
Datacenter_3;350;host;4;40000;40000;160000;160000;10000;10000;
Datacenter_3;351;host;4;40000;40000;160000;160000;10000;10000;
Datacenter_3;352;host;4;40000;40000;160000;160000;10000;10000;
Datacenter_3;353;host;4;40000;40000;160000;160000;10000;10000;
Datacenter_3;354;host;4;40000;40000;160000;160000;10000;10000;
Datacenter_3;355;host;4;40000;40000;160000;160000;10000;10000;
Datacenter_3;356;host;4;40000;40000;160000;160000;10000;10000;
Datacenter_3;357;host;4;40000;40000;160000;160000;10000;10000;
Datacenter_3;358;host;4;40000;40000;160000;160000;10000;10000;
Datacenter_3;359;host;4;40000;40000;160000;160000;10000;10000;
Datacenter_3;360;host;4;40000;40000;160000;160000;10000;10000;
Datacenter_3;361;host;4;40000;40000;160000;160000;10000;10000;
Datacenter_3;362;host;4;40000;40000;160000;160000;10000;10000;
Datacenter_3;363;host;4;40000;40000;160000;160000;10000;10000;
Datacenter_3;364;host;4;40000;40000;160000;160000;10000;10000;
Datacenter_3;365;host;4;40000;40000;160000;160000;10000;10000;
Datacenter_3;366;host;4;40000;40000;160000;160000;10000;10000;
Datacenter_3;367;host;4;40000;40000;160000;160000;10000;10000;
Datacenter_3;368;host;4;40000;40000;160000;160000;10000;10000;
Datacenter_3;369;host;4;40000;40000;160000;160000;10000;10000;
Datacenter_3;370;host;4;40000;40000;160000;160000;10000;10000;
Datacenter_3;371;host;4;40000;40000;160000;160000;10000;10000;
Datacenter_3;372;host;4;40000;40000;160000;160000;10000;10000;
Datacenter_3;373;host;4;40000;40000;160000;160000;10000;10000;
Datacenter_3;374;host;4;40000;40000;160000;160000;10000;10000;
Datacenter_3;375;host;4;40000;40000;160000;160000;10000;10000;
Datacenter_3;376;host;4;40000;40000;160000;160000;10000;10000;
Datacenter_3;377;host;4;40000;40000;160000;160000;10000;10000;
Datacenter_3;378;host;4;40000;40000;160000;160000;10000;10000;
Datacenter_3;379;host;4;40000;40000;160000;160000;10000;10000;
Datacenter_3;380;host;4;40000;40000;160000;160000;10000;10000;
Datacenter_3;381;host;4;40000;40000;160000;160000;10000;10000;
Datacenter_3;382;host;4;40000;40000;160000;160000;10000;10000;
Datacenter_3;383;host;4;40000;40000;160000;160000;10000;10000;
Datacenter_3;384;host;4;40000;40000;160000;160000;10000;10000;
Datacenter_3;385;host;4;40000;40000;160000;160000;10000;10000;
Datacenter_3;386;host;4;40000;40000;160000;160000;10000;10000;
Datacenter_3;387;host;4;40000;40000;160000;160000;10000;10000;
Datacenter_3;388;host;4;40000;40000;160000;160000;10000;10000;
Datacenter_3;389;host;4;40000;40000;160000;160000;10000;10000;
Datacenter_3;390;host;4;40000;40000;160000;160000;10000;10000;
Datacenter_3;391;host;4;40000;40000;160000;160000;10000;10000;
Datacenter_3;392;host;4;40000;40000;160000;160000;10000;10000;
Datacenter_3;393;host;4;40000;40000;160000;160000;10000;10000;
Datacenter_3;394;host;4;40000;40000;160000;160000;10000;10000;
Datacenter_3;395;host;4;40000;40000;160000;160000;10000;10000;
Datacenter_3;396;host;4;40000;40000;160000;160000;10000;10000;
Datacenter_3;397;host;4;40000;40000;160000;160000;10000;10000;
Datacenter_3;398;host;4;40000;40000;160000;160000;10000;10000;
Datacenter_3;399;host;4;40000;40000;160000;160000;10000;10000;
Datacenter_3;400;host;4;40000;40000;160000;160000;10000;10000;
Datacenter_3;401;host;4;40000;40000;160000;160000;10000;10000;
Datacenter_3;402;host;4;40000;40000;160000;160000;10000;10000;
Datacenter_3;403;host;4;40000;40000;160000;160000;10000;10000;
Datacenter_3;404;host;4;40000;40000;160000;160000;10000;10000;
Datacenter_3;405;host;4;40000;40000;160000;160000;10000;10000;
Datacenter_3;406;host;4;40000;40000;160000;160000;10000;10000;
Datacenter_3;407;host;4;40000;40000;160000;160000;10000;10000;
Datacenter_3;408;host;4;40000;40000;160000;160000;10000;10000;
Datacenter_3;409;host;4;40000;40000;160000;160000;10000;10000;
Datacenter_3;410;host;4;40000;40000;160000;160000;10000;10000;
Datacenter_3;411;host;4;40000;40000;160000;160000;10000;10000;
Datacenter_3;412;host;4;40000;40000;160000;160000;10000;10000;
Datacenter_3;413;host;4;40000;40000;160000;160000;10000;10000;
Datacenter_3;414;host;4;40000;40000;160000;160000;10000;10000;
Datacenter_3;415;host;4;40000;40000;160000;160000;10000;10000;
Datacenter_3;416;host;4;40000;40000;160000;160000;10000;10000;
Datacenter_3;417;host;4;40000;40000;160000;160000;10000;10000;
Datacenter_3;418;host;4;40000;40000;160000;160000;10000;10000;
Datacenter_3;419;host;4;40000;40000;160000;160000;10000;10000;
Datacenter_3;420;host;4;40000;40000;160000;160000;10000;10000;
Datacenter_3;421;host;4;40000;40000;160000;160000;10000;10000;
Datacenter_3;422;host;4;40000;40000;160000;160000;10000;10000;
Datacenter_3;423;host;4;40000;40000;160000;160000;10000;10000;
Datacenter_3;424;host;4;40000;40000;160000;160000;10000;10000;
Datacenter_3;425;host;4;40000;40000;160000;160000;10000;10000;
Datacenter_3;426;host;4;40000;40000;160000;160000;10000;10000;
Datacenter_3;427;host;4;40000;40000;160000;160000;10000;10000;
Datacenter_3;428;host;4;40000;40000;160000;160000;10000;10000;
Datacenter_3;429;host;4;40000;40000;160000;160000;10000;10000;
Datacenter_3;430;host;4;40000;40000;160000;160000;10000;10000;
Datacenter_3;431;host;4;40000;40000;160000;160000;10000;10000;
Datacenter_3;432;host;4;40000;40000;160000;160000;10000;10000;
Datacenter_3;433;host;4;40000;40000;160000;160000;10000;10000;
Datacenter_3;434;host;4;40000;40000;160000;160000;10000;10000;
Datacenter_3;435;host;4;40000;40000;160000;160000;10000;10000;
Datacenter_3;436;host;4;40000;40000;160000;160000;10000;10000;
Datacenter_3;437;host;4;40000;40000;160000;160000;10000;10000;
Datacenter_3;438;host;4;40000;40000;160000;160000;10000;10000;
Datacenter_3;439;host;4;40000;40000;160000;160000;10000;10000;
Datacenter_3;440;host;4;40000;40000;160000;160000;10000;10000;
Datacenter_3;441;host;4;40000;40000;160000;160000;10000;10000;
Datacenter_3;442;host;4;40000;40000;160000;160000;10000;10000;
Datacenter_3;443;host;4;40000;40000;160000;160000;10000;10000;
Datacenter_3;444;host;4;40000;40000;160000;160000;10000;10000;
Datacenter_3;445;host;4;40000;40000;160000;160000;10000;10000;
Datacenter_3;446;host;4;40000;40000;160000;160000;10000;10000;
Datacenter_3;447;host;4;40000;40000;160000;160000;10000;10000;
Datacenter_3;448;host;4;40000;40000;160000;160000;10000;10000;
Datacenter_3;449;host;4;40000;40000;160000;160000;10000;10000;
Datacenter_3;450;host;4;40000;40000;160000;160000;10000;10000;
Datacenter_3;451;host;4;40000;40000;160000;160000;10000;10000;
Datacenter_3;452;host;4;40000;40000;160000;160000;10000;10000;
Datacenter_3;453;host;4;40000;40000;160000;160000;10000;10000;
Datacenter_3;454;host;4;40000;40000;160000;160000;10000;10000;
Datacenter_3;455;host;4;40000;40000;160000;160000;10000;10000;
Datacenter_3;456;host;4;40000;40000;160000;160000;10000;10000;
Datacenter_3;457;host;4;40000;40000;160000;160000;10000;10000;
Datacenter_3;458;host;4;40000;40000;160000;160000;10000;10000;
Datacenter_3;459;host;4;40000;40000;160000;160000;10000;10000;
Datacenter_3;460;host;4;40000;40000;160000;160000;10000;10000;
Datacenter_3;461;host;4;40000;40000;160000;160000;10000;10000;
Datacenter_3;462;host;4;40000;40000;160000;160000;10000;10000;
Datacenter_3;463;host;4;40000;40000;160000;160000;10000;10000;
Datacenter_3;464;host;4;40000;40000;160000;160000;10000;10000;
Datacenter_3;465;host;4;40000;40000;160000;160000;10000;10000;
Datacenter_3;466;host;4;40000;40000;160000;160000;10000;10000;
Datacenter_3;467;host;4;40000;40000;160000;160000;10000;10000;
Datacenter_3;468;host;4;40000;40000;160000;160000;10000;10000;
Datacenter_3;469;host;4;40000;40000;160000;160000;10000;10000;
Datacenter_3;470;host;4;40000;40000;160000;160000;10000;10000;
Datacenter_3;471;host;4;40000;40000;160000;160000;10000;10000;
Datacenter_3;472;host;4;40000;40000;160000;160000;10000;10000;
Datacenter_3;473;host;4;40000;40000;160000;160000;10000;10000;
Datacenter_3;474;host;4;40000;40000;160000;160000;10000;10000;
Datacenter_3;475;host;4;40000;40000;160000;160000;10000;10000;
Datacenter_3;476;host;4;40000;40000;160000;160000;10000;10000;
Datacenter_3;477;host;4;40000;40000;160000;160000;10000;10000;
Datacenter_3;478;host;4;40000;40000;160000;160000;10000;10000;
Datacenter_3;479;host;4;40000;40000;160000;160000;10000;10000;
Datacenter_3;480;host;4;40000;40000;160000;160000;10000;10000;
Datacenter_3;481;host;4;40000;40000;160000;160000;10000;10000;
Datacenter_3;482;host;4;40000;40000;160000;160000;10000;10000;
Datacenter_3;483;host;4;40000;40000;160000;160000;10000;10000;
Datacenter_3;484;host;4;40000;40000;160000;160000;10000;10000;
Datacenter_3;485;host;4;40000;40000;160000;160000;10000;10000;
Datacenter_3;486;host;4;40000;40000;160000;160000;10000;10000;
Datacenter_3;487;host;4;40000;40000;160000;160000;10000;10000;
Datacenter_3;488;host;4;40000;40000;160000;160000;10000;10000;
Datacenter_3;489;host;4;40000;40000;160000;160000;10000;10000;
Datacenter_3;490;host;4;40000;40000;160000;160000;10000;10000;
Datacenter_3;491;host;4;40000;40000;160000;160000;10000;10000;
Datacenter_3;492;host;4;40000;40000;160000;160000;10000;10000;
Datacenter_3;493;host;4;40000;40000;160000;160000;10000;10000;
Datacenter_3;494;host;4;40000;40000;160000;160000;10000;10000;
Datacenter_3;495;host;4;40000;40000;160000;160000;10000;10000;
Datacenter_3;496;host;4;40000;40000;160000;160000;10000;10000;
Datacenter_3;497;host;4;40000;40000;160000;160000;10000;10000;
Datacenter_3;498;host;4;40000;40000;160000;160000;10000;10000;
Datacenter_3;499;host;4;40000;40000;160000;160000;10000;10000;
