datacenter_id;datacenter_name;id;type;role;level;bandwidth;total_used_bandwidth;traffic_history;ports;duration;active_duration;power_per_port;low_power;high_power;is_active;
0;Datacenter_1;0;switch;access switch;0;360000;2427.0;162.0:93.0:71.0:72.0:79.0:73.0:71.0:71.0:73.0:61.0:71.0:63.0:74.0:63.0:55.0:65.0:63.0:69.0:55.0:46.0:73.0:61.0:84.0:63.0:64.0:71.0:74.0:72.0:74.0:71.0:68.0:65.0:73.0:64.0:;400,True,0.24269999999999994,12,0,10000,2427.0,162.0-93.0-71.0-72.0-79.0-73.0-71.0-71.0-73.0-61.0-71.0-63.0-74.0-63.0-55.0-65.0-63.0-69.0-55.0-46.0-73.0-61.0-84.0-63.0-64.0-71.0-74.0-72.0-74.0-71.0-68.0-65.0-73.0-64.0-:401,True,0,13,0,10000,0,:0,True,0.0162,0,0,10000,162.0,162.0-:1,True,0.0093,0,1,10000,93.0,93.0-:2,True,0.0071,0,2,10000,71.0,71.0-:3,True,0.0072,0,3,10000,72.0,72.0-:4,True,0.0079,0,4,10000,79.0,79.0-:5,True,0.0073,0,5,10000,73.0,73.0-:6,True,0.0071,0,6,10000,71.0,71.0-:7,True,0.0071,0,7,10000,71.0,71.0-:8,True,0.0073,0,8,10000,73.0,73.0-:9,True,0.0061,0,9,10000,61.0,61.0-:10,True,0.0071,0,10,10000,71.0,71.0-:11,True,0.0063,0,11,10000,63.0,63.0-:12,True,0.0074,0,12,10000,74.0,74.0-:13,True,0.0063,0,13,10000,63.0,63.0-:14,True,0.0055,0,14,10000,55.0,55.0-:15,True,0.0065,0,15,10000,65.0,65.0-:16,True,0.0063,0,16,10000,63.0,63.0-:17,True,0.0069,0,17,10000,69.0,69.0-:18,True,0.0055,0,18,10000,55.0,55.0-:19,True,0.0046,0,19,10000,46.0,46.0-:20,True,0.0073,0,20,10000,73.0,73.0-:21,True,0.0061,0,21,10000,61.0,61.0-:22,True,0.0084,0,22,10000,84.0,84.0-:23,True,0.0063,0,23,10000,63.0,63.0-:24,True,0.0064,0,24,10000,64.0,64.0-:25,True,0.0071,0,25,10000,71.0,71.0-:26,True,0.0074,0,26,10000,74.0,74.0-:27,True,0.0072,0,27,10000,72.0,72.0-:28,True,0.0074,0,28,10000,74.0,74.0-:29,True,0.0071,0,29,10000,71.0,71.0-:30,True,0.0068,0,30,10000,68.0,68.0-:31,True,0.0065,0,31,10000,65.0,65.0-:32,True,0.0073,0,32,10000,73.0,73.0-:33,True,0.0064,0,33,10000,64.0,64.0-:;3.6094;0.006741666666666662;8;132;132;True;
0;Datacenter_1;1;switch;access switch;0;360000;3573.0;89.0:89.0:95.0:198.0:218.0:156.0:90.0:109.0:177.0:147.0:210.0:205.0:161.0:106.0:80.0:77.0:80.0:67.0:71.0:73.0:81.0:72.0:71.0:64.0:60.0:63.0:73.0:73.0:61.0:73.0:85.0:106.0:98.0:95.0:;402,True,0.35729999999999995,12,1,10000,3573.0,89.0-89.0-95.0-198.0-218.0-156.0-90.0-109.0-177.0-147.0-210.0-205.0-161.0-106.0-80.0-77.0-80.0-67.0-71.0-73.0-81.0-72.0-71.0-64.0-60.0-63.0-73.0-73.0-61.0-73.0-85.0-106.0-98.0-95.0-:403,True,0,13,1,10000,0,:34,True,0.0089,1,34,10000,89.0,89.0-:35,True,0.0089,1,35,10000,89.0,89.0-:36,True,0.0095,1,36,10000,95.0,95.0-:37,True,0.0198,1,37,10000,198.0,198.0-:38,True,0.0218,1,38,10000,218.0,218.0-:39,True,0.0156,1,39,10000,156.0,156.0-:40,True,0.009,1,40,10000,90.0,90.0-:41,True,0.0109,1,41,10000,109.0,109.0-:42,True,0.0177,1,42,10000,177.0,177.0-:43,True,0.0147,1,43,10000,147.0,147.0-:44,True,0.021,1,44,10000,210.0,210.0-:45,True,0.0205,1,45,10000,205.0,205.0-:46,True,0.0161,1,46,10000,161.0,161.0-:47,True,0.0106,1,47,10000,106.0,106.0-:48,True,0.008,1,48,10000,80.0,80.0-:49,True,0.0077,1,49,10000,77.0,77.0-:50,True,0.008,1,50,10000,80.0,80.0-:51,True,0.0067,1,51,10000,67.0,67.0-:52,True,0.0071,1,52,10000,71.0,71.0-:53,True,0.0073,1,53,10000,73.0,73.0-:54,True,0.0081,1,54,10000,81.0,81.0-:55,True,0.0072,1,55,10000,72.0,72.0-:56,True,0.0071,1,56,10000,71.0,71.0-:57,True,0.0064,1,57,10000,64.0,64.0-:58,True,0.006,1,58,10000,60.0,60.0-:59,True,0.0063,1,59,10000,63.0,63.0-:60,True,0.0073,1,60,10000,73.0,73.0-:61,True,0.0073,1,61,10000,73.0,73.0-:62,True,0.0061,1,62,10000,61.0,61.0-:63,True,0.0073,1,63,10000,73.0,73.0-:64,True,0.0085,1,64,10000,85.0,85.0-:65,True,0.0106,1,65,10000,106.0,106.0-:66,True,0.0098,1,66,10000,98.0,98.0-:67,True,0.0095,1,67,10000,95.0,95.0-:;3.6094;0.009924999999999996;8;132;132;True;
0;Datacenter_1;2;switch;access switch;0;360000;2492.0;94.0:68.0:73.0:61.0:73.0:83.0:74.0:63.0:73.0:72.0:63.0:72.0:74.0:69.0:63.0:72.0:66.0:65.0:72.0:226.0:63.0:72.0:64.0:63.0:66.0:64.0:64.0:66.0:66.0:78.0:57.0:64.0:64.0:65.0:;404,True,0.24919999999999998,12,2,10000,2492.0,94.0-68.0-73.0-61.0-73.0-83.0-74.0-63.0-73.0-72.0-63.0-72.0-74.0-69.0-63.0-72.0-66.0-65.0-72.0-226.0-63.0-72.0-64.0-63.0-66.0-64.0-64.0-66.0-66.0-78.0-57.0-64.0-64.0-65.0-:405,True,0,13,2,10000,0,:68,True,0.0094,2,68,10000,94.0,94.0-:69,True,0.0068,2,69,10000,68.0,68.0-:70,True,0.0073,2,70,10000,73.0,73.0-:71,True,0.0061,2,71,10000,61.0,61.0-:72,True,0.0073,2,72,10000,73.0,73.0-:73,True,0.0083,2,73,10000,83.0,83.0-:74,True,0.0074,2,74,10000,74.0,74.0-:75,True,0.0063,2,75,10000,63.0,63.0-:76,True,0.0073,2,76,10000,73.0,73.0-:77,True,0.0072,2,77,10000,72.0,72.0-:78,True,0.0063,2,78,10000,63.0,63.0-:79,True,0.0072,2,79,10000,72.0,72.0-:80,True,0.0074,2,80,10000,74.0,74.0-:81,True,0.0069,2,81,10000,69.0,69.0-:82,True,0.0063,2,82,10000,63.0,63.0-:83,True,0.0072,2,83,10000,72.0,72.0-:84,True,0.0066,2,84,10000,66.0,66.0-:85,True,0.0065,2,85,10000,65.0,65.0-:86,True,0.0072,2,86,10000,72.0,72.0-:87,True,0.0226,2,87,10000,226.0,226.0-:88,True,0.0063,2,88,10000,63.0,63.0-:89,True,0.0072,2,89,10000,72.0,72.0-:90,True,0.0064,2,90,10000,64.0,64.0-:91,True,0.0063,2,91,10000,63.0,63.0-:92,True,0.0066,2,92,10000,66.0,66.0-:93,True,0.0064,2,93,10000,64.0,64.0-:94,True,0.0064,2,94,10000,64.0,64.0-:95,True,0.0066,2,95,10000,66.0,66.0-:96,True,0.0066,2,96,10000,66.0,66.0-:97,True,0.0078,2,97,10000,78.0,78.0-:98,True,0.0057,2,98,10000,57.0,57.0-:99,True,0.0064,2,99,10000,64.0,64.0-:100,True,0.0064,2,100,10000,64.0,64.0-:101,True,0.0065,2,101,10000,65.0,65.0-:;3.6094;0.00692222222222222;8;132;132;True;
0;Datacenter_1;3;switch;access switch;0;360000;2335.0;64.0:64.0:64.0:73.0:74.0:64.0:74.0:74.0:56.0:65.0:62.0:72.0:64.0:64.0:74.0:71.0:77.0:73.0:71.0:64.0:73.0:73.0:65.0:71.0:60.0:62.0:84.0:75.0:73.0:76.0:63.0:64.0:76.0:56.0:;406,True,0.23349999999999999,12,3,10000,2335.0,64.0-64.0-64.0-73.0-74.0-64.0-74.0-74.0-56.0-65.0-62.0-72.0-64.0-64.0-74.0-71.0-77.0-73.0-71.0-64.0-73.0-73.0-65.0-71.0-60.0-62.0-84.0-75.0-73.0-76.0-63.0-64.0-76.0-56.0-:407,True,0,13,3,10000,0,:102,True,0.0064,3,102,10000,64.0,64.0-:103,True,0.0064,3,103,10000,64.0,64.0-:104,True,0.0064,3,104,10000,64.0,64.0-:105,True,0.0073,3,105,10000,73.0,73.0-:106,True,0.0074,3,106,10000,74.0,74.0-:107,True,0.0064,3,107,10000,64.0,64.0-:108,True,0.0074,3,108,10000,74.0,74.0-:109,True,0.0074,3,109,10000,74.0,74.0-:110,True,0.0056,3,110,10000,56.0,56.0-:111,True,0.0065,3,111,10000,65.0,65.0-:112,True,0.0062,3,112,10000,62.0,62.0-:113,True,0.0072,3,113,10000,72.0,72.0-:114,True,0.0064,3,114,10000,64.0,64.0-:115,True,0.0064,3,115,10000,64.0,64.0-:116,True,0.0074,3,116,10000,74.0,74.0-:117,True,0.0071,3,117,10000,71.0,71.0-:118,True,0.0077,3,118,10000,77.0,77.0-:119,True,0.0073,3,119,10000,73.0,73.0-:120,True,0.0071,3,120,10000,71.0,71.0-:121,True,0.0064,3,121,10000,64.0,64.0-:122,True,0.0073,3,122,10000,73.0,73.0-:123,True,0.0073,3,123,10000,73.0,73.0-:124,True,0.0065,3,124,10000,65.0,65.0-:125,True,0.0071,3,125,10000,71.0,71.0-:126,True,0.006,3,126,10000,60.0,60.0-:127,True,0.0062,3,127,10000,62.0,62.0-:128,True,0.0084,3,128,10000,84.0,84.0-:129,True,0.0075,3,129,10000,75.0,75.0-:130,True,0.0073,3,130,10000,73.0,73.0-:131,True,0.0076,3,131,10000,76.0,76.0-:132,True,0.0063,3,132,10000,63.0,63.0-:133,True,0.0064,3,133,10000,64.0,64.0-:134,True,0.0076,3,134,10000,76.0,76.0-:135,True,0.0056,3,135,10000,56.0,56.0-:;3.6094;0.006486111111111108;8;132;132;True;
0;Datacenter_1;4;switch;access switch;0;360000;2436.0;70.0:64.0:57.0:75.0:72.0:65.0:75.0:66.0:63.0:74.0:74.0:64.0:75.0:76.0:75.0:65.0:76.0:68.0:74.0:76.0:77.0:74.0:55.0:65.0:66.0:86.0:74.0:78.0:74.0:75.0:74.0:74.0:76.0:84.0:;408,True,0.24359999999999996,12,4,10000,2436.0,70.0-64.0-57.0-75.0-72.0-65.0-75.0-66.0-63.0-74.0-74.0-64.0-75.0-76.0-75.0-65.0-76.0-68.0-74.0-76.0-77.0-74.0-55.0-65.0-66.0-86.0-74.0-78.0-74.0-75.0-74.0-74.0-76.0-84.0-:409,True,0,13,4,10000,0,:136,True,0.007,4,136,10000,70.0,70.0-:137,True,0.0064,4,137,10000,64.0,64.0-:138,True,0.0057,4,138,10000,57.0,57.0-:139,True,0.0075,4,139,10000,75.0,75.0-:140,True,0.0072,4,140,10000,72.0,72.0-:141,True,0.0065,4,141,10000,65.0,65.0-:142,True,0.0075,4,142,10000,75.0,75.0-:143,True,0.0066,4,143,10000,66.0,66.0-:144,True,0.0063,4,144,10000,63.0,63.0-:145,True,0.0074,4,145,10000,74.0,74.0-:146,True,0.0074,4,146,10000,74.0,74.0-:147,True,0.0064,4,147,10000,64.0,64.0-:148,True,0.0075,4,148,10000,75.0,75.0-:149,True,0.0076,4,149,10000,76.0,76.0-:150,True,0.0075,4,150,10000,75.0,75.0-:151,True,0.0065,4,151,10000,65.0,65.0-:152,True,0.0076,4,152,10000,76.0,76.0-:153,True,0.0068,4,153,10000,68.0,68.0-:154,True,0.0074,4,154,10000,74.0,74.0-:155,True,0.0076,4,155,10000,76.0,76.0-:156,True,0.0077,4,156,10000,77.0,77.0-:157,True,0.0074,4,157,10000,74.0,74.0-:158,True,0.0055,4,158,10000,55.0,55.0-:159,True,0.0065,4,159,10000,65.0,65.0-:160,True,0.0066,4,160,10000,66.0,66.0-:161,True,0.0086,4,161,10000,86.0,86.0-:162,True,0.0074,4,162,10000,74.0,74.0-:163,True,0.0078,4,163,10000,78.0,78.0-:164,True,0.0074,4,164,10000,74.0,74.0-:165,True,0.0075,4,165,10000,75.0,75.0-:166,True,0.0074,4,166,10000,74.0,74.0-:167,True,0.0074,4,167,10000,74.0,74.0-:168,True,0.0076,4,168,10000,76.0,76.0-:169,True,0.0084,4,169,10000,84.0,84.0-:;3.6094;0.006766666666666664;8;132;132;True;
0;Datacenter_1;5;switch;access switch;0;360000;2543.0;79.0:77.0:73.0:64.0:73.0:78.0:76.0:74.0:86.0:72.0:74.0:78.0:74.0:62.0:75.0:77.0:53.0:74.0:83.0:74.0:73.0:85.0:80.0:72.0:73.0:72.0:74.0:79.0:73.0:84.0:71.0:84.0:73.0:74.0:;410,True,0.2543,12,5,10000,2543.0,79.0-77.0-73.0-64.0-73.0-78.0-76.0-74.0-86.0-72.0-74.0-78.0-74.0-62.0-75.0-77.0-53.0-74.0-83.0-74.0-73.0-85.0-80.0-72.0-73.0-72.0-74.0-79.0-73.0-84.0-71.0-84.0-73.0-74.0-:411,True,0,13,5,10000,0,:170,True,0.0079,5,170,10000,79.0,79.0-:171,True,0.0077,5,171,10000,77.0,77.0-:172,True,0.0073,5,172,10000,73.0,73.0-:173,True,0.0064,5,173,10000,64.0,64.0-:174,True,0.0073,5,174,10000,73.0,73.0-:175,True,0.0078,5,175,10000,78.0,78.0-:176,True,0.0076,5,176,10000,76.0,76.0-:177,True,0.0074,5,177,10000,74.0,74.0-:178,True,0.0086,5,178,10000,86.0,86.0-:179,True,0.0072,5,179,10000,72.0,72.0-:180,True,0.0074,5,180,10000,74.0,74.0-:181,True,0.0078,5,181,10000,78.0,78.0-:182,True,0.0074,5,182,10000,74.0,74.0-:183,True,0.0062,5,183,10000,62.0,62.0-:184,True,0.0075,5,184,10000,75.0,75.0-:185,True,0.0077,5,185,10000,77.0,77.0-:186,True,0.0053,5,186,10000,53.0,53.0-:187,True,0.0074,5,187,10000,74.0,74.0-:188,True,0.0083,5,188,10000,83.0,83.0-:189,True,0.0074,5,189,10000,74.0,74.0-:190,True,0.0073,5,190,10000,73.0,73.0-:191,True,0.0085,5,191,10000,85.0,85.0-:192,True,0.008,5,192,10000,80.0,80.0-:193,True,0.0072,5,193,10000,72.0,72.0-:194,True,0.0073,5,194,10000,73.0,73.0-:195,True,0.0072,5,195,10000,72.0,72.0-:196,True,0.0074,5,196,10000,74.0,74.0-:197,True,0.0079,5,197,10000,79.0,79.0-:198,True,0.0073,5,198,10000,73.0,73.0-:199,True,0.0084,5,199,10000,84.0,84.0-:200,True,0.0071,5,200,10000,71.0,71.0-:201,True,0.0084,5,201,10000,84.0,84.0-:202,True,0.0073,5,202,10000,73.0,73.0-:203,True,0.0074,5,203,10000,74.0,74.0-:;3.6094;0.007063888888888887;8;132;132;True;
0;Datacenter_1;6;switch;access switch;0;360000;2317.0;71.0:74.0:70.0:66.0:73.0:66.0:74.0:56.0:75.0:72.0:75.0:72.0:66.0:68.0:70.0:54.0:66.0:73.0:66.0:74.0:63.0:72.0:74.0:73.0:63.0:73.0:65.0:60.0:72.0:48.0:63.0:73.0:75.0:62.0:;412,True,0.23170000000000002,12,6,10000,2317.0,71.0-74.0-70.0-66.0-73.0-66.0-74.0-56.0-75.0-72.0-75.0-72.0-66.0-68.0-70.0-54.0-66.0-73.0-66.0-74.0-63.0-72.0-74.0-73.0-63.0-73.0-65.0-60.0-72.0-48.0-63.0-73.0-75.0-62.0-:413,True,0,13,6,10000,0,:204,True,0.0071,6,204,10000,71.0,71.0-:205,True,0.0074,6,205,10000,74.0,74.0-:206,True,0.007,6,206,10000,70.0,70.0-:207,True,0.0066,6,207,10000,66.0,66.0-:208,True,0.0073,6,208,10000,73.0,73.0-:209,True,0.0066,6,209,10000,66.0,66.0-:210,True,0.0074,6,210,10000,74.0,74.0-:211,True,0.0056,6,211,10000,56.0,56.0-:212,True,0.0075,6,212,10000,75.0,75.0-:213,True,0.0072,6,213,10000,72.0,72.0-:214,True,0.0075,6,214,10000,75.0,75.0-:215,True,0.0072,6,215,10000,72.0,72.0-:216,True,0.0066,6,216,10000,66.0,66.0-:217,True,0.0068,6,217,10000,68.0,68.0-:218,True,0.007,6,218,10000,70.0,70.0-:219,True,0.0054,6,219,10000,54.0,54.0-:220,True,0.0066,6,220,10000,66.0,66.0-:221,True,0.0073,6,221,10000,73.0,73.0-:222,True,0.0066,6,222,10000,66.0,66.0-:223,True,0.0074,6,223,10000,74.0,74.0-:224,True,0.0063,6,224,10000,63.0,63.0-:225,True,0.0072,6,225,10000,72.0,72.0-:226,True,0.0074,6,226,10000,74.0,74.0-:227,True,0.0073,6,227,10000,73.0,73.0-:228,True,0.0063,6,228,10000,63.0,63.0-:229,True,0.0073,6,229,10000,73.0,73.0-:230,True,0.0065,6,230,10000,65.0,65.0-:231,True,0.006,6,231,10000,60.0,60.0-:232,True,0.0072,6,232,10000,72.0,72.0-:233,True,0.0048,6,233,10000,48.0,48.0-:234,True,0.0063,6,234,10000,63.0,63.0-:235,True,0.0073,6,235,10000,73.0,73.0-:236,True,0.0075,6,236,10000,75.0,75.0-:237,True,0.0062,6,237,10000,62.0,62.0-:;3.6094;0.006436111111111109;8;132;132;True;
0;Datacenter_1;7;switch;access switch;0;360000;2287.0;72.0:75.0:62.0:76.0:75.0:67.0:73.0:63.0:63.0:65.0:62.0:74.0:64.0:72.0:75.0:63.0:53.0:70.0:63.0:64.0:63.0:71.0:65.0:70.0:73.0:59.0:63.0:65.0:72.0:64.0:64.0:64.0:81.0:62.0:;414,True,0.2287,12,7,10000,2287.0,72.0-75.0-62.0-76.0-75.0-67.0-73.0-63.0-63.0-65.0-62.0-74.0-64.0-72.0-75.0-63.0-53.0-70.0-63.0-64.0-63.0-71.0-65.0-70.0-73.0-59.0-63.0-65.0-72.0-64.0-64.0-64.0-81.0-62.0-:415,True,0,13,7,10000,0,:238,True,0.0072,7,238,10000,72.0,72.0-:239,True,0.0075,7,239,10000,75.0,75.0-:240,True,0.0062,7,240,10000,62.0,62.0-:241,True,0.0076,7,241,10000,76.0,76.0-:242,True,0.0075,7,242,10000,75.0,75.0-:243,True,0.0067,7,243,10000,67.0,67.0-:244,True,0.0073,7,244,10000,73.0,73.0-:245,True,0.0063,7,245,10000,63.0,63.0-:246,True,0.0063,7,246,10000,63.0,63.0-:247,True,0.0065,7,247,10000,65.0,65.0-:248,True,0.0062,7,248,10000,62.0,62.0-:249,True,0.0074,7,249,10000,74.0,74.0-:250,True,0.0064,7,250,10000,64.0,64.0-:251,True,0.0072,7,251,10000,72.0,72.0-:252,True,0.0075,7,252,10000,75.0,75.0-:253,True,0.0063,7,253,10000,63.0,63.0-:254,True,0.0053,7,254,10000,53.0,53.0-:255,True,0.007,7,255,10000,70.0,70.0-:256,True,0.0063,7,256,10000,63.0,63.0-:257,True,0.0064,7,257,10000,64.0,64.0-:258,True,0.0063,7,258,10000,63.0,63.0-:259,True,0.0071,7,259,10000,71.0,71.0-:260,True,0.0065,7,260,10000,65.0,65.0-:261,True,0.007,7,261,10000,70.0,70.0-:262,True,0.0073,7,262,10000,73.0,73.0-:263,True,0.0059,7,263,10000,59.0,59.0-:264,True,0.0063,7,264,10000,63.0,63.0-:265,True,0.0065,7,265,10000,65.0,65.0-:266,True,0.0072,7,266,10000,72.0,72.0-:267,True,0.0064,7,267,10000,64.0,64.0-:268,True,0.0064,7,268,10000,64.0,64.0-:269,True,0.0064,7,269,10000,64.0,64.0-:270,True,0.0081,7,270,10000,81.0,81.0-:271,True,0.0062,7,271,10000,62.0,62.0-:;3.6094;0.006352777777777775;8;132;132;True;
0;Datacenter_1;8;switch;access switch;0;360000;2298.0;75.0:70.0:65.0:75.0:62.0:71.0:56.0:66.0:70.0:72.0:83.0:73.0:61.0:73.0:64.0:62.0:64.0:74.0:74.0:60.0:61.0:65.0:72.0:56.0:84.0:62.0:62.0:74.0:70.0:61.0:63.0:49.0:65.0:84.0:;416,True,0.2298,12,8,10000,2298.0,75.0-70.0-65.0-75.0-62.0-71.0-56.0-66.0-70.0-72.0-83.0-73.0-61.0-73.0-64.0-62.0-64.0-74.0-74.0-60.0-61.0-65.0-72.0-56.0-84.0-62.0-62.0-74.0-70.0-61.0-63.0-49.0-65.0-84.0-:417,True,0,13,8,10000,0,:272,True,0.0075,8,272,10000,75.0,75.0-:273,True,0.007,8,273,10000,70.0,70.0-:274,True,0.0065,8,274,10000,65.0,65.0-:275,True,0.0075,8,275,10000,75.0,75.0-:276,True,0.0062,8,276,10000,62.0,62.0-:277,True,0.0071,8,277,10000,71.0,71.0-:278,True,0.0056,8,278,10000,56.0,56.0-:279,True,0.0066,8,279,10000,66.0,66.0-:280,True,0.007,8,280,10000,70.0,70.0-:281,True,0.0072,8,281,10000,72.0,72.0-:282,True,0.0083,8,282,10000,83.0,83.0-:283,True,0.0073,8,283,10000,73.0,73.0-:284,True,0.0061,8,284,10000,61.0,61.0-:285,True,0.0073,8,285,10000,73.0,73.0-:286,True,0.0064,8,286,10000,64.0,64.0-:287,True,0.0062,8,287,10000,62.0,62.0-:288,True,0.0064,8,288,10000,64.0,64.0-:289,True,0.0074,8,289,10000,74.0,74.0-:290,True,0.0074,8,290,10000,74.0,74.0-:291,True,0.006,8,291,10000,60.0,60.0-:292,True,0.0061,8,292,10000,61.0,61.0-:293,True,0.0065,8,293,10000,65.0,65.0-:294,True,0.0072,8,294,10000,72.0,72.0-:295,True,0.0056,8,295,10000,56.0,56.0-:296,True,0.0084,8,296,10000,84.0,84.0-:297,True,0.0062,8,297,10000,62.0,62.0-:298,True,0.0062,8,298,10000,62.0,62.0-:299,True,0.0074,8,299,10000,74.0,74.0-:300,True,0.007,8,300,10000,70.0,70.0-:301,True,0.0061,8,301,10000,61.0,61.0-:302,True,0.0063,8,302,10000,63.0,63.0-:303,True,0.0049,8,303,10000,49.0,49.0-:304,True,0.0065,8,304,10000,65.0,65.0-:305,True,0.0084,8,305,10000,84.0,84.0-:;3.6094;0.006383333333333331;8;132;132;True;
0;Datacenter_1;9;switch;access switch;0;360000;2377.0;76.0:75.0:62.0:73.0:63.0:73.0:73.0:83.0:72.0:66.0:74.0:72.0:70.0:65.0:74.0:75.0:70.0:71.0:67.0:64.0:64.0:56.0:73.0:73.0:73.0:73.0:71.0:74.0:64.0:70.0:75.0:66.0:64.0:63.0:;418,True,0.23769999999999997,12,9,10000,2377.0,76.0-75.0-62.0-73.0-63.0-73.0-73.0-83.0-72.0-66.0-74.0-72.0-70.0-65.0-74.0-75.0-70.0-71.0-67.0-64.0-64.0-56.0-73.0-73.0-73.0-73.0-71.0-74.0-64.0-70.0-75.0-66.0-64.0-63.0-:419,True,0,13,9,10000,0,:306,True,0.0076,9,306,10000,76.0,76.0-:307,True,0.0075,9,307,10000,75.0,75.0-:308,True,0.0062,9,308,10000,62.0,62.0-:309,True,0.0073,9,309,10000,73.0,73.0-:310,True,0.0063,9,310,10000,63.0,63.0-:311,True,0.0073,9,311,10000,73.0,73.0-:312,True,0.0073,9,312,10000,73.0,73.0-:313,True,0.0083,9,313,10000,83.0,83.0-:314,True,0.0072,9,314,10000,72.0,72.0-:315,True,0.0066,9,315,10000,66.0,66.0-:316,True,0.0074,9,316,10000,74.0,74.0-:317,True,0.0072,9,317,10000,72.0,72.0-:318,True,0.007,9,318,10000,70.0,70.0-:319,True,0.0065,9,319,10000,65.0,65.0-:320,True,0.0074,9,320,10000,74.0,74.0-:321,True,0.0075,9,321,10000,75.0,75.0-:322,True,0.007,9,322,10000,70.0,70.0-:323,True,0.0071,9,323,10000,71.0,71.0-:324,True,0.0067,9,324,10000,67.0,67.0-:325,True,0.0064,9,325,10000,64.0,64.0-:326,True,0.0064,9,326,10000,64.0,64.0-:327,True,0.0056,9,327,10000,56.0,56.0-:328,True,0.0073,9,328,10000,73.0,73.0-:329,True,0.0073,9,329,10000,73.0,73.0-:330,True,0.0073,9,330,10000,73.0,73.0-:331,True,0.0073,9,331,10000,73.0,73.0-:332,True,0.0071,9,332,10000,71.0,71.0-:333,True,0.0074,9,333,10000,74.0,74.0-:334,True,0.0064,9,334,10000,64.0,64.0-:335,True,0.007,9,335,10000,70.0,70.0-:336,True,0.0075,9,336,10000,75.0,75.0-:337,True,0.0066,9,337,10000,66.0,66.0-:338,True,0.0064,9,338,10000,64.0,64.0-:339,True,0.0063,9,339,10000,63.0,63.0-:;3.6094;0.006602777777777775;8;132;132;True;
0;Datacenter_1;10;switch;access switch;0;360000;5178.0;73.0:64.0:74.0:64.0:72.0:74.0:74.0:82.0:74.0:71.0:83.0:73.0:83.0:73.0:72.0:82.0:83.0:83.0:72.0:82.0:282.0:279.0:282.0:266.0:258.0:258.0:258.0:258.0:255.0:259.0:251.0:256.0:253.0:255.0:;420,True,0.5178,12,10,10000,5178.0,73.0-64.0-74.0-64.0-72.0-74.0-74.0-82.0-74.0-71.0-83.0-73.0-83.0-73.0-72.0-82.0-83.0-83.0-72.0-82.0-282.0-279.0-282.0-266.0-258.0-258.0-258.0-258.0-255.0-259.0-251.0-256.0-253.0-255.0-:421,True,0,13,10,10000,0,:340,True,0.0073,10,340,10000,73.0,73.0-:341,True,0.0064,10,341,10000,64.0,64.0-:342,True,0.0074,10,342,10000,74.0,74.0-:343,True,0.0064,10,343,10000,64.0,64.0-:344,True,0.0072,10,344,10000,72.0,72.0-:345,True,0.0074,10,345,10000,74.0,74.0-:346,True,0.0074,10,346,10000,74.0,74.0-:347,True,0.0082,10,347,10000,82.0,82.0-:348,True,0.0074,10,348,10000,74.0,74.0-:349,True,0.0071,10,349,10000,71.0,71.0-:350,True,0.0083,10,350,10000,83.0,83.0-:351,True,0.0073,10,351,10000,73.0,73.0-:352,True,0.0083,10,352,10000,83.0,83.0-:353,True,0.0073,10,353,10000,73.0,73.0-:354,True,0.0072,10,354,10000,72.0,72.0-:355,True,0.0082,10,355,10000,82.0,82.0-:356,True,0.0083,10,356,10000,83.0,83.0-:357,True,0.0083,10,357,10000,83.0,83.0-:358,True,0.0072,10,358,10000,72.0,72.0-:359,True,0.0082,10,359,10000,82.0,82.0-:360,True,0.0282,10,360,10000,282.0,282.0-:361,True,0.0279,10,361,10000,279.0,279.0-:362,True,0.0282,10,362,10000,282.0,282.0-:363,True,0.0266,10,363,10000,266.0,266.0-:364,True,0.0258,10,364,10000,258.0,258.0-:365,True,0.0258,10,365,10000,258.0,258.0-:366,True,0.0258,10,366,10000,258.0,258.0-:367,True,0.0258,10,367,10000,258.0,258.0-:368,True,0.0255,10,368,10000,255.0,255.0-:369,True,0.0259,10,369,10000,259.0,259.0-:370,True,0.0251,10,370,10000,251.0,251.0-:371,True,0.0256,10,371,10000,256.0,256.0-:372,True,0.0253,10,372,10000,253.0,253.0-:373,True,0.0255,10,373,10000,255.0,255.0-:;3.6094;0.014383333333333337;8;132;132;True;
0;Datacenter_1;11;switch;access switch;0;360000;5831.0;218.0:214.0:218.0:221.0:259.0:255.0:259.0:259.0:245.0:209.0:214.0:211.0:215.0:215.0:215.0:217.0:222.0:222.0:220.0:210.0:221.0:217.0:220.0:217.0:220.0:218.0:;422,True,0.5831000000000002,12,11,10000,5831.0,218.0-214.0-218.0-221.0-259.0-255.0-259.0-259.0-245.0-209.0-214.0-211.0-215.0-215.0-215.0-217.0-222.0-222.0-220.0-210.0-221.0-217.0-220.0-217.0-220.0-218.0-:423,True,0,13,11,10000,0,:374,True,0.0218,11,374,10000,218.0,218.0-:375,True,0.0214,11,375,10000,214.0,214.0-:376,True,0.0218,11,376,10000,218.0,218.0-:377,True,0.0221,11,377,10000,221.0,221.0-:378,True,0.0259,11,378,10000,259.0,259.0-:379,True,0.0255,11,379,10000,255.0,255.0-:380,True,0.0259,11,380,10000,259.0,259.0-:381,True,0.0259,11,381,10000,259.0,259.0-:382,True,0.0245,11,382,10000,245.0,245.0-:383,True,0.0209,11,383,10000,209.0,209.0-:384,True,0.0214,11,384,10000,214.0,214.0-:385,True,0.0211,11,385,10000,211.0,211.0-:386,True,0.0215,11,386,10000,215.0,215.0-:387,True,0.0215,11,387,10000,215.0,215.0-:388,True,0.0215,11,388,10000,215.0,215.0-:389,True,0.0217,11,389,10000,217.0,217.0-:390,True,0.0222,11,390,10000,222.0,222.0-:391,True,0.0222,11,391,10000,222.0,222.0-:392,True,0.022,11,392,10000,220.0,220.0-:393,True,0.021,11,393,10000,210.0,210.0-:394,True,0.0221,11,394,10000,221.0,221.0-:395,True,0.0217,11,395,10000,217.0,217.0-:396,True,0.022,11,396,10000,220.0,220.0-:397,True,0.0217,11,397,10000,217.0,217.0-:398,True,0.022,11,398,10000,220.0,220.0-:399,True,0.0218,11,399,10000,218.0,218.0-:::::::::;3.6094;0.016197222222222227;8;132;132;True;
0;Datacenter_1;12;switch;distribution switch;1;1080000;36094.0;162.0:93.0:71.0:72.0:79.0:73.0:71.0:71.0:73.0:61.0:71.0:63.0:74.0:63.0:55.0:65.0:63.0:69.0:55.0:46.0:73.0:61.0:84.0:63.0:64.0:71.0:74.0:72.0:74.0:71.0:68.0:65.0:73.0:64.0:89.0:89.0:95.0:198.0:218.0:156.0:90.0:109.0:177.0:147.0:210.0:205.0:161.0:106.0:80.0:77.0:80.0:67.0:71.0:73.0:81.0:72.0:71.0:64.0:60.0:63.0:73.0:73.0:61.0:73.0:85.0:106.0:98.0:95.0:94.0:68.0:73.0:61.0:73.0:83.0:74.0:63.0:73.0:72.0:63.0:72.0:74.0:69.0:63.0:72.0:66.0:65.0:72.0:226.0:63.0:72.0:64.0:63.0:66.0:64.0:64.0:66.0:66.0:78.0:57.0:64.0:64.0:65.0:64.0:64.0:64.0:73.0:74.0:64.0:74.0:74.0:56.0:65.0:62.0:72.0:64.0:64.0:74.0:71.0:77.0:73.0:71.0:64.0:73.0:73.0:65.0:71.0:60.0:62.0:84.0:75.0:73.0:76.0:63.0:64.0:76.0:56.0:70.0:64.0:57.0:75.0:72.0:65.0:75.0:66.0:63.0:74.0:74.0:64.0:75.0:76.0:75.0:65.0:76.0:68.0:74.0:76.0:77.0:74.0:55.0:65.0:66.0:86.0:74.0:78.0:74.0:75.0:74.0:74.0:76.0:84.0:79.0:77.0:73.0:64.0:73.0:78.0:76.0:74.0:86.0:72.0:74.0:78.0:74.0:62.0:75.0:77.0:53.0:74.0:83.0:74.0:73.0:85.0:80.0:72.0:73.0:72.0:74.0:79.0:73.0:84.0:71.0:84.0:73.0:74.0:71.0:74.0:70.0:66.0:73.0:66.0:74.0:56.0:75.0:72.0:75.0:72.0:66.0:68.0:70.0:54.0:66.0:73.0:66.0:74.0:63.0:72.0:74.0:73.0:63.0:73.0:65.0:60.0:72.0:48.0:63.0:73.0:75.0:62.0:72.0:75.0:62.0:76.0:75.0:67.0:73.0:63.0:63.0:65.0:62.0:74.0:64.0:72.0:75.0:63.0:53.0:70.0:63.0:64.0:63.0:71.0:65.0:70.0:73.0:59.0:63.0:65.0:72.0:64.0:64.0:64.0:81.0:62.0:75.0:70.0:65.0:75.0:62.0:71.0:56.0:66.0:70.0:72.0:83.0:73.0:61.0:73.0:64.0:62.0:64.0:74.0:74.0:60.0:61.0:65.0:72.0:56.0:84.0:62.0:62.0:74.0:70.0:61.0:63.0:49.0:65.0:84.0:76.0:75.0:62.0:73.0:63.0:73.0:73.0:83.0:72.0:66.0:74.0:72.0:70.0:65.0:74.0:75.0:70.0:71.0:67.0:64.0:64.0:56.0:73.0:73.0:73.0:73.0:71.0:74.0:64.0:70.0:75.0:66.0:64.0:63.0:73.0:64.0:74.0:64.0:72.0:74.0:74.0:82.0:74.0:71.0:83.0:73.0:83.0:73.0:72.0:82.0:83.0:83.0:72.0:82.0:282.0:279.0:282.0:266.0:258.0:258.0:258.0:258.0:255.0:259.0:251.0:256.0:253.0:255.0:218.0:214.0:218.0:221.0:259.0:255.0:259.0:259.0:245.0:209.0:214.0:211.0:215.0:215.0:215.0:217.0:222.0:222.0:220.0:210.0:221.0:217.0:220.0:217.0:220.0:218.0:;424,True,3.6094000000000053,14,12,10000,36094.0,162.0-93.0-71.0-72.0-79.0-73.0-71.0-71.0-73.0-61.0-71.0-63.0-74.0-63.0-55.0-65.0-63.0-69.0-55.0-46.0-73.0-61.0-84.0-63.0-64.0-71.0-74.0-72.0-74.0-71.0-68.0-65.0-73.0-64.0-89.0-89.0-95.0-198.0-218.0-156.0-90.0-109.0-177.0-147.0-210.0-205.0-161.0-106.0-80.0-77.0-80.0-67.0-71.0-73.0-81.0-72.0-71.0-64.0-60.0-63.0-73.0-73.0-61.0-73.0-85.0-106.0-98.0-95.0-94.0-68.0-73.0-61.0-73.0-83.0-74.0-63.0-73.0-72.0-63.0-72.0-74.0-69.0-63.0-72.0-66.0-65.0-72.0-226.0-63.0-72.0-64.0-63.0-66.0-64.0-64.0-66.0-66.0-78.0-57.0-64.0-64.0-65.0-64.0-64.0-64.0-73.0-74.0-64.0-74.0-74.0-56.0-65.0-62.0-72.0-64.0-64.0-74.0-71.0-77.0-73.0-71.0-64.0-73.0-73.0-65.0-71.0-60.0-62.0-84.0-75.0-73.0-76.0-63.0-64.0-76.0-56.0-70.0-64.0-57.0-75.0-72.0-65.0-75.0-66.0-63.0-74.0-74.0-64.0-75.0-76.0-75.0-65.0-76.0-68.0-74.0-76.0-77.0-74.0-55.0-65.0-66.0-86.0-74.0-78.0-74.0-75.0-74.0-74.0-76.0-84.0-79.0-77.0-73.0-64.0-73.0-78.0-76.0-74.0-86.0-72.0-74.0-78.0-74.0-62.0-75.0-77.0-53.0-74.0-83.0-74.0-73.0-85.0-80.0-72.0-73.0-72.0-74.0-79.0-73.0-84.0-71.0-84.0-73.0-74.0-71.0-74.0-70.0-66.0-73.0-66.0-74.0-56.0-75.0-72.0-75.0-72.0-66.0-68.0-70.0-54.0-66.0-73.0-66.0-74.0-63.0-72.0-74.0-73.0-63.0-73.0-65.0-60.0-72.0-48.0-63.0-73.0-75.0-62.0-72.0-75.0-62.0-76.0-75.0-67.0-73.0-63.0-63.0-65.0-62.0-74.0-64.0-72.0-75.0-63.0-53.0-70.0-63.0-64.0-63.0-71.0-65.0-70.0-73.0-59.0-63.0-65.0-72.0-64.0-64.0-64.0-81.0-62.0-75.0-70.0-65.0-75.0-62.0-71.0-56.0-66.0-70.0-72.0-83.0-73.0-61.0-73.0-64.0-62.0-64.0-74.0-74.0-60.0-61.0-65.0-72.0-56.0-84.0-62.0-62.0-74.0-70.0-61.0-63.0-49.0-65.0-84.0-76.0-75.0-62.0-73.0-63.0-73.0-73.0-83.0-72.0-66.0-74.0-72.0-70.0-65.0-74.0-75.0-70.0-71.0-67.0-64.0-64.0-56.0-73.0-73.0-73.0-73.0-71.0-74.0-64.0-70.0-75.0-66.0-64.0-63.0-73.0-64.0-74.0-64.0-72.0-74.0-74.0-82.0-74.0-71.0-83.0-73.0-83.0-73.0-72.0-82.0-83.0-83.0-72.0-82.0-282.0-279.0-282.0-266.0-258.0-258.0-258.0-258.0-255.0-259.0-251.0-256.0-253.0-255.0-218.0-214.0-218.0-221.0-259.0-255.0-259.0-259.0-245.0-209.0-214.0-211.0-215.0-215.0-215.0-217.0-222.0-222.0-220.0-210.0-221.0-217.0-220.0-217.0-220.0-218.0-:425,True,0,15,12,10000,0,:422,True,0.5831000000000002,12,11,10000,5831.0,218.0-214.0-218.0-221.0-259.0-255.0-259.0-259.0-245.0-209.0-214.0-211.0-215.0-215.0-215.0-217.0-222.0-222.0-220.0-210.0-221.0-217.0-220.0-217.0-220.0-218.0-::::::::::::::::::::::::::::::::::::::::::::::::::::::::::::::::::::::::::::::::::::::::::::::::::::::::::;3.6094;0.033420370370370364;8;1056;1056;True;
0;Datacenter_1;13;switch;distribution switch;1;1080000;0;;426,True,0,14,13,10000,0,:427,True,0,15,13,10000,0,:423,True,0,13,11,10000,0,::::::::::::::::::::::::::::::::::::::::::::::::::::::::::::::::::::::::::::::::::::::::::::::::::::::::::;3.6094;0;8;1056;1056;True;
0;Datacenter_1;14;switch;core switch;2;1080000;36094.0;162.0:93.0:71.0:72.0:79.0:73.0:71.0:71.0:73.0:61.0:71.0:63.0:74.0:63.0:55.0:65.0:63.0:69.0:55.0:46.0:73.0:61.0:84.0:63.0:64.0:71.0:74.0:72.0:74.0:71.0:68.0:65.0:73.0:64.0:89.0:89.0:95.0:198.0:218.0:156.0:90.0:109.0:177.0:147.0:210.0:205.0:161.0:106.0:80.0:77.0:80.0:67.0:71.0:73.0:81.0:72.0:71.0:64.0:60.0:63.0:73.0:73.0:61.0:73.0:85.0:106.0:98.0:95.0:94.0:68.0:73.0:61.0:73.0:83.0:74.0:63.0:73.0:72.0:63.0:72.0:74.0:69.0:63.0:72.0:66.0:65.0:72.0:226.0:63.0:72.0:64.0:63.0:66.0:64.0:64.0:66.0:66.0:78.0:57.0:64.0:64.0:65.0:64.0:64.0:64.0:73.0:74.0:64.0:74.0:74.0:56.0:65.0:62.0:72.0:64.0:64.0:74.0:71.0:77.0:73.0:71.0:64.0:73.0:73.0:65.0:71.0:60.0:62.0:84.0:75.0:73.0:76.0:63.0:64.0:76.0:56.0:70.0:64.0:57.0:75.0:72.0:65.0:75.0:66.0:63.0:74.0:74.0:64.0:75.0:76.0:75.0:65.0:76.0:68.0:74.0:76.0:77.0:74.0:55.0:65.0:66.0:86.0:74.0:78.0:74.0:75.0:74.0:74.0:76.0:84.0:79.0:77.0:73.0:64.0:73.0:78.0:76.0:74.0:86.0:72.0:74.0:78.0:74.0:62.0:75.0:77.0:53.0:74.0:83.0:74.0:73.0:85.0:80.0:72.0:73.0:72.0:74.0:79.0:73.0:84.0:71.0:84.0:73.0:74.0:71.0:74.0:70.0:66.0:73.0:66.0:74.0:56.0:75.0:72.0:75.0:72.0:66.0:68.0:70.0:54.0:66.0:73.0:66.0:74.0:63.0:72.0:74.0:73.0:63.0:73.0:65.0:60.0:72.0:48.0:63.0:73.0:75.0:62.0:72.0:75.0:62.0:76.0:75.0:67.0:73.0:63.0:63.0:65.0:62.0:74.0:64.0:72.0:75.0:63.0:53.0:70.0:63.0:64.0:63.0:71.0:65.0:70.0:73.0:59.0:63.0:65.0:72.0:64.0:64.0:64.0:81.0:62.0:75.0:70.0:65.0:75.0:62.0:71.0:56.0:66.0:70.0:72.0:83.0:73.0:61.0:73.0:64.0:62.0:64.0:74.0:74.0:60.0:61.0:65.0:72.0:56.0:84.0:62.0:62.0:74.0:70.0:61.0:63.0:49.0:65.0:84.0:76.0:75.0:62.0:73.0:63.0:73.0:73.0:83.0:72.0:66.0:74.0:72.0:70.0:65.0:74.0:75.0:70.0:71.0:67.0:64.0:64.0:56.0:73.0:73.0:73.0:73.0:71.0:74.0:64.0:70.0:75.0:66.0:64.0:63.0:73.0:64.0:74.0:64.0:72.0:74.0:74.0:82.0:74.0:71.0:83.0:73.0:83.0:73.0:72.0:82.0:83.0:83.0:72.0:82.0:282.0:279.0:282.0:266.0:258.0:258.0:258.0:258.0:255.0:259.0:251.0:256.0:253.0:255.0:218.0:214.0:218.0:221.0:259.0:255.0:259.0:259.0:245.0:209.0:214.0:211.0:215.0:215.0:215.0:217.0:222.0:222.0:220.0:210.0:221.0:217.0:220.0:217.0:220.0:218.0:;:424,True,3.6094000000000053,14,12,10000,36094.0,162.0-93.0-71.0-72.0-79.0-73.0-71.0-71.0-73.0-61.0-71.0-63.0-74.0-63.0-55.0-65.0-63.0-69.0-55.0-46.0-73.0-61.0-84.0-63.0-64.0-71.0-74.0-72.0-74.0-71.0-68.0-65.0-73.0-64.0-89.0-89.0-95.0-198.0-218.0-156.0-90.0-109.0-177.0-147.0-210.0-205.0-161.0-106.0-80.0-77.0-80.0-67.0-71.0-73.0-81.0-72.0-71.0-64.0-60.0-63.0-73.0-73.0-61.0-73.0-85.0-106.0-98.0-95.0-94.0-68.0-73.0-61.0-73.0-83.0-74.0-63.0-73.0-72.0-63.0-72.0-74.0-69.0-63.0-72.0-66.0-65.0-72.0-226.0-63.0-72.0-64.0-63.0-66.0-64.0-64.0-66.0-66.0-78.0-57.0-64.0-64.0-65.0-64.0-64.0-64.0-73.0-74.0-64.0-74.0-74.0-56.0-65.0-62.0-72.0-64.0-64.0-74.0-71.0-77.0-73.0-71.0-64.0-73.0-73.0-65.0-71.0-60.0-62.0-84.0-75.0-73.0-76.0-63.0-64.0-76.0-56.0-70.0-64.0-57.0-75.0-72.0-65.0-75.0-66.0-63.0-74.0-74.0-64.0-75.0-76.0-75.0-65.0-76.0-68.0-74.0-76.0-77.0-74.0-55.0-65.0-66.0-86.0-74.0-78.0-74.0-75.0-74.0-74.0-76.0-84.0-79.0-77.0-73.0-64.0-73.0-78.0-76.0-74.0-86.0-72.0-74.0-78.0-74.0-62.0-75.0-77.0-53.0-74.0-83.0-74.0-73.0-85.0-80.0-72.0-73.0-72.0-74.0-79.0-73.0-84.0-71.0-84.0-73.0-74.0-71.0-74.0-70.0-66.0-73.0-66.0-74.0-56.0-75.0-72.0-75.0-72.0-66.0-68.0-70.0-54.0-66.0-73.0-66.0-74.0-63.0-72.0-74.0-73.0-63.0-73.0-65.0-60.0-72.0-48.0-63.0-73.0-75.0-62.0-72.0-75.0-62.0-76.0-75.0-67.0-73.0-63.0-63.0-65.0-62.0-74.0-64.0-72.0-75.0-63.0-53.0-70.0-63.0-64.0-63.0-71.0-65.0-70.0-73.0-59.0-63.0-65.0-72.0-64.0-64.0-64.0-81.0-62.0-75.0-70.0-65.0-75.0-62.0-71.0-56.0-66.0-70.0-72.0-83.0-73.0-61.0-73.0-64.0-62.0-64.0-74.0-74.0-60.0-61.0-65.0-72.0-56.0-84.0-62.0-62.0-74.0-70.0-61.0-63.0-49.0-65.0-84.0-76.0-75.0-62.0-73.0-63.0-73.0-73.0-83.0-72.0-66.0-74.0-72.0-70.0-65.0-74.0-75.0-70.0-71.0-67.0-64.0-64.0-56.0-73.0-73.0-73.0-73.0-71.0-74.0-64.0-70.0-75.0-66.0-64.0-63.0-73.0-64.0-74.0-64.0-72.0-74.0-74.0-82.0-74.0-71.0-83.0-73.0-83.0-73.0-72.0-82.0-83.0-83.0-72.0-82.0-282.0-279.0-282.0-266.0-258.0-258.0-258.0-258.0-255.0-259.0-251.0-256.0-253.0-255.0-218.0-214.0-218.0-221.0-259.0-255.0-259.0-259.0-245.0-209.0-214.0-211.0-215.0-215.0-215.0-217.0-222.0-222.0-220.0-210.0-221.0-217.0-220.0-217.0-220.0-218.0-:::::::::::::::::::::::::::::::::::::::::::::::::::::::::::::::::::::::::::::::::::::::::::::::::::::::::::;3.6094;0.033420370370370364;8;1056;1056;True;
0;Datacenter_1;15;switch;core switch;2;1080000;0;;:425,True,0,15,12,10000,0,:427,True,0,15,13,10000,0,::::::::::::::::::::::::::::::::::::::::::::::::::::::::::::::::::::::::::::::::::::::::::::::::::::::::::;3.6094;0;8;1056;1056;True;
1;Datacenter_2;0;switch;access switch;0;360000;1990.0;46.0:63.0:54.0:62.0:63.0:53.0:55.0:64.0:63.0:56.0:46.0:63.0:54.0:63.0:61.0:66.0:53.0:61.0:54.0:57.0:70.0:50.0:57.0:62.0:55.0:57.0:56.0:54.0:55.0:56.0:61.0:62.0:61.0:77.0:;185,True,0.199,6,0,10000,1990.0,46.0-63.0-54.0-62.0-63.0-53.0-55.0-64.0-63.0-56.0-46.0-63.0-54.0-63.0-61.0-66.0-53.0-61.0-54.0-57.0-70.0-50.0-57.0-62.0-55.0-57.0-56.0-54.0-55.0-56.0-61.0-62.0-61.0-77.0-:186,True,0,7,0,10000,0,:0,True,0.0046,0,400,10000,46.0,46.0-:1,True,0.0063,0,401,10000,63.0,63.0-:2,True,0.0054,0,402,10000,54.0,54.0-:3,True,0.0062,0,403,10000,62.0,62.0-:4,True,0.0063,0,404,10000,63.0,63.0-:5,True,0.0053,0,405,10000,53.0,53.0-:6,True,0.0055,0,406,10000,55.0,55.0-:7,True,0.0064,0,407,10000,64.0,64.0-:8,True,0.0063,0,408,10000,63.0,63.0-:9,True,0.0056,0,409,10000,56.0,56.0-:10,True,0.0046,0,410,10000,46.0,46.0-:11,True,0.0063,0,411,10000,63.0,63.0-:12,True,0.0054,0,412,10000,54.0,54.0-:13,True,0.0063,0,413,10000,63.0,63.0-:14,True,0.0061,0,414,10000,61.0,61.0-:15,True,0.0066,0,415,10000,66.0,66.0-:16,True,0.0053,0,416,10000,53.0,53.0-:17,True,0.0061,0,417,10000,61.0,61.0-:18,True,0.0054,0,418,10000,54.0,54.0-:19,True,0.0057,0,419,10000,57.0,57.0-:20,True,0.007,0,420,10000,70.0,70.0-:21,True,0.005,0,421,10000,50.0,50.0-:22,True,0.0057,0,422,10000,57.0,57.0-:23,True,0.0062,0,423,10000,62.0,62.0-:24,True,0.0055,0,424,10000,55.0,55.0-:25,True,0.0057,0,425,10000,57.0,57.0-:26,True,0.0056,0,426,10000,56.0,56.0-:27,True,0.0054,0,427,10000,54.0,54.0-:28,True,0.0055,0,428,10000,55.0,55.0-:29,True,0.0056,0,429,10000,56.0,56.0-:30,True,0.0061,0,430,10000,61.0,61.0-:31,True,0.0062,0,431,10000,62.0,62.0-:32,True,0.0061,0,432,10000,61.0,61.0-:33,True,0.0077,0,433,10000,77.0,77.0-:;3.6094;0.005527777777777777;8;132;132;True;
1;Datacenter_2;1;switch;access switch;0;360000;2306.0;59.0:63.0:56.0:56.0:75.0:66.0:65.0:65.0:66.0:75.0:68.0:65.0:67.0:66.0:74.0:65.0:65.0:68.0:65.0:66.0:75.0:64.0:68.0:75.0:73.0:75.0:75.0:74.0:65.0:68.0:74.0:66.0:73.0:66.0:;187,True,0.2306,6,1,10000,2306.0,59.0-63.0-56.0-56.0-75.0-66.0-65.0-65.0-66.0-75.0-68.0-65.0-67.0-66.0-74.0-65.0-65.0-68.0-65.0-66.0-75.0-64.0-68.0-75.0-73.0-75.0-75.0-74.0-65.0-68.0-74.0-66.0-73.0-66.0-:188,True,0,7,1,10000,0,:34,True,0.0059,1,434,10000,59.0,59.0-:35,True,0.0063,1,435,10000,63.0,63.0-:36,True,0.0056,1,436,10000,56.0,56.0-:37,True,0.0056,1,437,10000,56.0,56.0-:38,True,0.0075,1,438,10000,75.0,75.0-:39,True,0.0066,1,439,10000,66.0,66.0-:40,True,0.0065,1,440,10000,65.0,65.0-:41,True,0.0065,1,441,10000,65.0,65.0-:42,True,0.0066,1,442,10000,66.0,66.0-:43,True,0.0075,1,443,10000,75.0,75.0-:44,True,0.0068,1,444,10000,68.0,68.0-:45,True,0.0065,1,445,10000,65.0,65.0-:46,True,0.0067,1,446,10000,67.0,67.0-:47,True,0.0066,1,447,10000,66.0,66.0-:48,True,0.0074,1,448,10000,74.0,74.0-:49,True,0.0065,1,449,10000,65.0,65.0-:50,True,0.0065,1,450,10000,65.0,65.0-:51,True,0.0068,1,451,10000,68.0,68.0-:52,True,0.0065,1,452,10000,65.0,65.0-:53,True,0.0066,1,453,10000,66.0,66.0-:54,True,0.0075,1,454,10000,75.0,75.0-:55,True,0.0064,1,455,10000,64.0,64.0-:56,True,0.0068,1,456,10000,68.0,68.0-:57,True,0.0075,1,457,10000,75.0,75.0-:58,True,0.0073,1,458,10000,73.0,73.0-:59,True,0.0075,1,459,10000,75.0,75.0-:60,True,0.0075,1,460,10000,75.0,75.0-:61,True,0.0074,1,461,10000,74.0,74.0-:62,True,0.0065,1,462,10000,65.0,65.0-:63,True,0.0068,1,463,10000,68.0,68.0-:64,True,0.0074,1,464,10000,74.0,74.0-:65,True,0.0066,1,465,10000,66.0,66.0-:66,True,0.0073,1,466,10000,73.0,73.0-:67,True,0.0066,1,467,10000,66.0,66.0-:;3.6094;0.006405555555555552;8;132;132;True;
1;Datacenter_2;2;switch;access switch;0;360000;4041.0;48.0:65.0:66.0:75.0:86.0:66.0:69.0:87.0:98.0:119.0:135.0:134.0:147.0:161.0:160.0:163.0:162.0:161.0:162.0:163.0:141.0:116.0:95.0:90.0:88.0:88.0:89.0:108.0:148.0:149.0:150.0:130.0:171.0:151.0:;189,True,0.4041,6,2,10000,4041.0,48.0-65.0-66.0-75.0-86.0-66.0-69.0-87.0-98.0-119.0-135.0-134.0-147.0-161.0-160.0-163.0-162.0-161.0-162.0-163.0-141.0-116.0-95.0-90.0-88.0-88.0-89.0-108.0-148.0-149.0-150.0-130.0-171.0-151.0-:190,True,0,7,2,10000,0,:68,True,0.0048,2,468,10000,48.0,48.0-:69,True,0.0065,2,469,10000,65.0,65.0-:70,True,0.0066,2,470,10000,66.0,66.0-:71,True,0.0075,2,471,10000,75.0,75.0-:72,True,0.0086,2,472,10000,86.0,86.0-:73,True,0.0066,2,473,10000,66.0,66.0-:74,True,0.0069,2,474,10000,69.0,69.0-:75,True,0.0087,2,475,10000,87.0,87.0-:76,True,0.0098,2,476,10000,98.0,98.0-:77,True,0.0119,2,477,10000,119.0,119.0-:78,True,0.0135,2,478,10000,135.0,135.0-:79,True,0.0134,2,479,10000,134.0,134.0-:80,True,0.0147,2,480,10000,147.0,147.0-:81,True,0.0161,2,481,10000,161.0,161.0-:82,True,0.016,2,482,10000,160.0,160.0-:83,True,0.0163,2,483,10000,163.0,163.0-:84,True,0.0162,2,484,10000,162.0,162.0-:85,True,0.0161,2,485,10000,161.0,161.0-:86,True,0.0162,2,486,10000,162.0,162.0-:87,True,0.0163,2,487,10000,163.0,163.0-:88,True,0.0141,2,488,10000,141.0,141.0-:89,True,0.0116,2,489,10000,116.0,116.0-:90,True,0.0095,2,490,10000,95.0,95.0-:91,True,0.009,2,491,10000,90.0,90.0-:92,True,0.0088,2,492,10000,88.0,88.0-:93,True,0.0088,2,493,10000,88.0,88.0-:94,True,0.0089,2,494,10000,89.0,89.0-:95,True,0.0108,2,495,10000,108.0,108.0-:96,True,0.0148,2,496,10000,148.0,148.0-:97,True,0.0149,2,497,10000,149.0,149.0-:98,True,0.015,2,498,10000,150.0,150.0-:99,True,0.013,2,499,10000,130.0,130.0-:100,True,0.0171,2,500,10000,171.0,171.0-:101,True,0.0151,2,501,10000,151.0,151.0-:;3.6094;0.011224999999999997;8;132;132;True;
1;Datacenter_2;3;switch;access switch;0;360000;5209.0;148.0:172.0:150.0:150.0:149.0:149.0:149.0:150.0:150.0:149.0:150.0:149.0:171.0:151.0:128.0:149.0:170.0:150.0:149.0:155.0:157.0:141.0:155.0:129.0:128.0:172.0:151.0:172.0:150.0:171.0:173.0:150.0:149.0:173.0:;191,True,0.5209,6,3,10000,5209.0,148.0-172.0-150.0-150.0-149.0-149.0-149.0-150.0-150.0-149.0-150.0-149.0-171.0-151.0-128.0-149.0-170.0-150.0-149.0-155.0-157.0-141.0-155.0-129.0-128.0-172.0-151.0-172.0-150.0-171.0-173.0-150.0-149.0-173.0-:192,True,0,7,3,10000,0,:102,True,0.0148,3,502,10000,148.0,148.0-:103,True,0.0172,3,503,10000,172.0,172.0-:104,True,0.015,3,504,10000,150.0,150.0-:105,True,0.015,3,505,10000,150.0,150.0-:106,True,0.0149,3,506,10000,149.0,149.0-:107,True,0.0149,3,507,10000,149.0,149.0-:108,True,0.0149,3,508,10000,149.0,149.0-:109,True,0.015,3,509,10000,150.0,150.0-:110,True,0.015,3,510,10000,150.0,150.0-:111,True,0.0149,3,511,10000,149.0,149.0-:112,True,0.015,3,512,10000,150.0,150.0-:113,True,0.0149,3,513,10000,149.0,149.0-:114,True,0.0171,3,514,10000,171.0,171.0-:115,True,0.0151,3,515,10000,151.0,151.0-:116,True,0.0128,3,516,10000,128.0,128.0-:117,True,0.0149,3,517,10000,149.0,149.0-:118,True,0.017,3,518,10000,170.0,170.0-:119,True,0.015,3,519,10000,150.0,150.0-:120,True,0.0149,3,520,10000,149.0,149.0-:121,True,0.0155,3,521,10000,155.0,155.0-:122,True,0.0157,3,522,10000,157.0,157.0-:123,True,0.0141,3,523,10000,141.0,141.0-:124,True,0.0155,3,524,10000,155.0,155.0-:125,True,0.0129,3,525,10000,129.0,129.0-:126,True,0.0128,3,526,10000,128.0,128.0-:127,True,0.0172,3,527,10000,172.0,172.0-:128,True,0.0151,3,528,10000,151.0,151.0-:129,True,0.0172,3,529,10000,172.0,172.0-:130,True,0.015,3,530,10000,150.0,150.0-:131,True,0.0171,3,531,10000,171.0,171.0-:132,True,0.0173,3,532,10000,173.0,173.0-:133,True,0.015,3,533,10000,150.0,150.0-:134,True,0.0149,3,534,10000,149.0,149.0-:135,True,0.0173,3,535,10000,173.0,173.0-:;3.6094;0.014469444444444444;8;132;132;True;
1;Datacenter_2;4;switch;access switch;0;360000;6124.0;150.0:171.0:149.0:158.0:172.0:150.0:149.0:129.0:149.0:171.0:150.0:151.0:170.0:173.0:108.0:131.0:193.0:154.0:158.0:152.0:156.0:151.0:158.0:153.0:344.0:235.0:230.0:221.0:226.0:232.0:235.0:235.0:233.0:227.0:;193,True,0.6124,6,4,10000,6124.0,150.0-171.0-149.0-158.0-172.0-150.0-149.0-129.0-149.0-171.0-150.0-151.0-170.0-173.0-108.0-131.0-193.0-154.0-158.0-152.0-156.0-151.0-158.0-153.0-344.0-235.0-230.0-221.0-226.0-232.0-235.0-235.0-233.0-227.0-:194,True,0,7,4,10000,0,:136,True,0.015,4,536,10000,150.0,150.0-:137,True,0.0171,4,537,10000,171.0,171.0-:138,True,0.0149,4,538,10000,149.0,149.0-:139,True,0.0158,4,539,10000,158.0,158.0-:140,True,0.0172,4,540,10000,172.0,172.0-:141,True,0.015,4,541,10000,150.0,150.0-:142,True,0.0149,4,542,10000,149.0,149.0-:143,True,0.0129,4,543,10000,129.0,129.0-:144,True,0.0149,4,544,10000,149.0,149.0-:145,True,0.0171,4,545,10000,171.0,171.0-:146,True,0.015,4,546,10000,150.0,150.0-:147,True,0.0151,4,547,10000,151.0,151.0-:148,True,0.017,4,548,10000,170.0,170.0-:149,True,0.0173,4,549,10000,173.0,173.0-:150,True,0.0108,4,550,10000,108.0,108.0-:151,True,0.0131,4,551,10000,131.0,131.0-:152,True,0.0193,4,552,10000,193.0,193.0-:153,True,0.0154,4,553,10000,154.0,154.0-:154,True,0.0158,4,554,10000,158.0,158.0-:155,True,0.0152,4,555,10000,152.0,152.0-:156,True,0.0156,4,556,10000,156.0,156.0-:157,True,0.0151,4,557,10000,151.0,151.0-:158,True,0.0158,4,558,10000,158.0,158.0-:159,True,0.0153,4,559,10000,153.0,153.0-:160,True,0.0344,4,560,10000,344.0,344.0-:161,True,0.0235,4,561,10000,235.0,235.0-:162,True,0.023,4,562,10000,230.0,230.0-:163,True,0.0221,4,563,10000,221.0,221.0-:164,True,0.0226,4,564,10000,226.0,226.0-:165,True,0.0232,4,565,10000,232.0,232.0-:166,True,0.0235,4,566,10000,235.0,235.0-:167,True,0.0235,4,567,10000,235.0,235.0-:168,True,0.0233,4,568,10000,233.0,233.0-:169,True,0.0227,4,569,10000,227.0,227.0-:;3.6094;0.017011111111111112;8;132;132;True;
1;Datacenter_2;5;switch;access switch;0;360000;7792.0;230.0:233.0:296.0:601.0:600.0:584.0:593.0:601.0:594.0:613.0:589.0:578.0:564.0:556.0:560.0:;195,True,0.7792,6,5,10000,7792.0,230.0-233.0-296.0-601.0-600.0-584.0-593.0-601.0-594.0-613.0-589.0-578.0-564.0-556.0-560.0-:196,True,0,7,5,10000,0,:170,True,0.023,5,570,10000,230.0,230.0-:171,True,0.0233,5,571,10000,233.0,233.0-:172,True,0.0296,5,572,10000,296.0,296.0-:173,True,0.0601,5,573,10000,601.0,601.0-:174,True,0.06,5,574,10000,600.0,600.0-:175,True,0.0584,5,575,10000,584.0,584.0-:176,True,0.0593,5,576,10000,593.0,593.0-:177,True,0.0601,5,577,10000,601.0,601.0-:178,True,0.0594,5,578,10000,594.0,594.0-:179,True,0.0613,5,579,10000,613.0,613.0-:180,True,0.0589,5,580,10000,589.0,589.0-:181,True,0.0578,5,581,10000,578.0,578.0-:182,True,0.0564,5,582,10000,564.0,564.0-:183,True,0.0556,5,583,10000,556.0,556.0-:184,True,0.056,5,584,10000,560.0,560.0-::::::::::::::::::::;3.6094;0.02164444444444445;8;132;132;True;
1;Datacenter_2;6;switch;distribution switch;1;1080000;27462.0;46.0:63.0:54.0:62.0:63.0:53.0:55.0:64.0:63.0:56.0:46.0:63.0:54.0:63.0:61.0:66.0:53.0:61.0:54.0:57.0:70.0:50.0:57.0:62.0:55.0:57.0:56.0:54.0:55.0:56.0:61.0:62.0:61.0:77.0:59.0:63.0:56.0:56.0:75.0:66.0:65.0:65.0:66.0:75.0:68.0:65.0:67.0:66.0:74.0:65.0:65.0:68.0:65.0:66.0:75.0:64.0:68.0:75.0:73.0:75.0:75.0:74.0:65.0:68.0:74.0:66.0:73.0:66.0:48.0:65.0:66.0:75.0:86.0:66.0:69.0:87.0:98.0:119.0:135.0:134.0:147.0:161.0:160.0:163.0:162.0:161.0:162.0:163.0:141.0:116.0:95.0:90.0:88.0:88.0:89.0:108.0:148.0:149.0:150.0:130.0:171.0:151.0:148.0:172.0:150.0:150.0:149.0:149.0:149.0:150.0:150.0:149.0:150.0:149.0:171.0:151.0:128.0:149.0:170.0:150.0:149.0:155.0:157.0:141.0:155.0:129.0:128.0:172.0:151.0:172.0:150.0:171.0:173.0:150.0:149.0:173.0:150.0:171.0:149.0:158.0:172.0:150.0:149.0:129.0:149.0:171.0:150.0:151.0:170.0:173.0:108.0:131.0:193.0:154.0:158.0:152.0:156.0:151.0:158.0:153.0:344.0:235.0:230.0:221.0:226.0:232.0:235.0:235.0:233.0:227.0:230.0:233.0:296.0:601.0:600.0:584.0:593.0:601.0:594.0:613.0:589.0:578.0:564.0:556.0:560.0:;197,True,2.746199999999998,8,6,10000,27462.0,46.0-63.0-54.0-62.0-63.0-53.0-55.0-64.0-63.0-56.0-46.0-63.0-54.0-63.0-61.0-66.0-53.0-61.0-54.0-57.0-70.0-50.0-57.0-62.0-55.0-57.0-56.0-54.0-55.0-56.0-61.0-62.0-61.0-77.0-59.0-63.0-56.0-56.0-75.0-66.0-65.0-65.0-66.0-75.0-68.0-65.0-67.0-66.0-74.0-65.0-65.0-68.0-65.0-66.0-75.0-64.0-68.0-75.0-73.0-75.0-75.0-74.0-65.0-68.0-74.0-66.0-73.0-66.0-48.0-65.0-66.0-75.0-86.0-66.0-69.0-87.0-98.0-119.0-135.0-134.0-147.0-161.0-160.0-163.0-162.0-161.0-162.0-163.0-141.0-116.0-95.0-90.0-88.0-88.0-89.0-108.0-148.0-149.0-150.0-130.0-171.0-151.0-148.0-172.0-150.0-150.0-149.0-149.0-149.0-150.0-150.0-149.0-150.0-149.0-171.0-151.0-128.0-149.0-170.0-150.0-149.0-155.0-157.0-141.0-155.0-129.0-128.0-172.0-151.0-172.0-150.0-171.0-173.0-150.0-149.0-173.0-150.0-171.0-149.0-158.0-172.0-150.0-149.0-129.0-149.0-171.0-150.0-151.0-170.0-173.0-108.0-131.0-193.0-154.0-158.0-152.0-156.0-151.0-158.0-153.0-344.0-235.0-230.0-221.0-226.0-232.0-235.0-235.0-233.0-227.0-230.0-233.0-296.0-601.0-600.0-584.0-593.0-601.0-594.0-613.0-589.0-578.0-564.0-556.0-560.0-:198,True,0,9,6,10000,0,:195,True,0.7792,6,5,10000,7792.0,230.0-233.0-296.0-601.0-600.0-584.0-593.0-601.0-594.0-613.0-589.0-578.0-564.0-556.0-560.0-::::::::::::::::::::::::::::::::::::::::::::::::::::::::::::::::::::::::::::::::::::::::::::::::::::::::::;3.6094;0.02542777777777777;8;1056;1056;True;
1;Datacenter_2;7;switch;distribution switch;1;1080000;0;;199,True,0,8,7,10000,0,:200,True,0,9,7,10000,0,:196,True,0,7,5,10000,0,::::::::::::::::::::::::::::::::::::::::::::::::::::::::::::::::::::::::::::::::::::::::::::::::::::::::::;3.6094;0;8;1056;1056;True;
1;Datacenter_2;8;switch;core switch;2;1080000;27462.0;46.0:63.0:54.0:62.0:63.0:53.0:55.0:64.0:63.0:56.0:46.0:63.0:54.0:63.0:61.0:66.0:53.0:61.0:54.0:57.0:70.0:50.0:57.0:62.0:55.0:57.0:56.0:54.0:55.0:56.0:61.0:62.0:61.0:77.0:59.0:63.0:56.0:56.0:75.0:66.0:65.0:65.0:66.0:75.0:68.0:65.0:67.0:66.0:74.0:65.0:65.0:68.0:65.0:66.0:75.0:64.0:68.0:75.0:73.0:75.0:75.0:74.0:65.0:68.0:74.0:66.0:73.0:66.0:48.0:65.0:66.0:75.0:86.0:66.0:69.0:87.0:98.0:119.0:135.0:134.0:147.0:161.0:160.0:163.0:162.0:161.0:162.0:163.0:141.0:116.0:95.0:90.0:88.0:88.0:89.0:108.0:148.0:149.0:150.0:130.0:171.0:151.0:148.0:172.0:150.0:150.0:149.0:149.0:149.0:150.0:150.0:149.0:150.0:149.0:171.0:151.0:128.0:149.0:170.0:150.0:149.0:155.0:157.0:141.0:155.0:129.0:128.0:172.0:151.0:172.0:150.0:171.0:173.0:150.0:149.0:173.0:150.0:171.0:149.0:158.0:172.0:150.0:149.0:129.0:149.0:171.0:150.0:151.0:170.0:173.0:108.0:131.0:193.0:154.0:158.0:152.0:156.0:151.0:158.0:153.0:344.0:235.0:230.0:221.0:226.0:232.0:235.0:235.0:233.0:227.0:230.0:233.0:296.0:601.0:600.0:584.0:593.0:601.0:594.0:613.0:589.0:578.0:564.0:556.0:560.0:;:197,True,2.746199999999998,8,6,10000,27462.0,46.0-63.0-54.0-62.0-63.0-53.0-55.0-64.0-63.0-56.0-46.0-63.0-54.0-63.0-61.0-66.0-53.0-61.0-54.0-57.0-70.0-50.0-57.0-62.0-55.0-57.0-56.0-54.0-55.0-56.0-61.0-62.0-61.0-77.0-59.0-63.0-56.0-56.0-75.0-66.0-65.0-65.0-66.0-75.0-68.0-65.0-67.0-66.0-74.0-65.0-65.0-68.0-65.0-66.0-75.0-64.0-68.0-75.0-73.0-75.0-75.0-74.0-65.0-68.0-74.0-66.0-73.0-66.0-48.0-65.0-66.0-75.0-86.0-66.0-69.0-87.0-98.0-119.0-135.0-134.0-147.0-161.0-160.0-163.0-162.0-161.0-162.0-163.0-141.0-116.0-95.0-90.0-88.0-88.0-89.0-108.0-148.0-149.0-150.0-130.0-171.0-151.0-148.0-172.0-150.0-150.0-149.0-149.0-149.0-150.0-150.0-149.0-150.0-149.0-171.0-151.0-128.0-149.0-170.0-150.0-149.0-155.0-157.0-141.0-155.0-129.0-128.0-172.0-151.0-172.0-150.0-171.0-173.0-150.0-149.0-173.0-150.0-171.0-149.0-158.0-172.0-150.0-149.0-129.0-149.0-171.0-150.0-151.0-170.0-173.0-108.0-131.0-193.0-154.0-158.0-152.0-156.0-151.0-158.0-153.0-344.0-235.0-230.0-221.0-226.0-232.0-235.0-235.0-233.0-227.0-230.0-233.0-296.0-601.0-600.0-584.0-593.0-601.0-594.0-613.0-589.0-578.0-564.0-556.0-560.0-:::::::::::::::::::::::::::::::::::::::::::::::::::::::::::::::::::::::::::::::::::::::::::::::::::::::::::;3.6094;0.02542777777777777;8;1056;1056;True;
1;Datacenter_2;9;switch;core switch;2;1080000;0;;:198,True,0,9,6,10000,0,:200,True,0,9,7,10000,0,::::::::::::::::::::::::::::::::::::::::::::::::::::::::::::::::::::::::::::::::::::::::::::::::::::::::::;3.6094;0;8;1056;1056;True;
2;Datacenter_3;0;switch;access switch;0;360000;5313.0;187.0:185.0:163.0:160.0:162.0:161.0:149.0:161.0:183.0:166.0:159.0:164.0:161.0:147.0:159.0:156.0:131.0:130.0:135.0:174.0:157.0:176.0:152.0:178.0:154.0:177.0:167.0:160.0:153.0:139.0:133.0:153.0:141.0:80.0:;190,True,0.5313,6,0,10000,5313.0,187.0-185.0-163.0-160.0-162.0-161.0-149.0-161.0-183.0-166.0-159.0-164.0-161.0-147.0-159.0-156.0-131.0-130.0-135.0-174.0-157.0-176.0-152.0-178.0-154.0-177.0-167.0-160.0-153.0-139.0-133.0-153.0-141.0-80.0-:191,True,0,7,0,10000,0,:0,True,0.0187,0,585,10000,187.0,187.0-:1,True,0.0185,0,586,10000,185.0,185.0-:2,True,0.0163,0,587,10000,163.0,163.0-:3,True,0.016,0,588,10000,160.0,160.0-:4,True,0.0162,0,589,10000,162.0,162.0-:5,True,0.0161,0,590,10000,161.0,161.0-:6,True,0.0149,0,591,10000,149.0,149.0-:7,True,0.0161,0,592,10000,161.0,161.0-:8,True,0.0183,0,593,10000,183.0,183.0-:9,True,0.0166,0,594,10000,166.0,166.0-:10,True,0.0159,0,595,10000,159.0,159.0-:11,True,0.0164,0,596,10000,164.0,164.0-:12,True,0.0161,0,597,10000,161.0,161.0-:13,True,0.0147,0,598,10000,147.0,147.0-:14,True,0.0159,0,599,10000,159.0,159.0-:15,True,0.0156,0,600,10000,156.0,156.0-:16,True,0.0131,0,601,10000,131.0,131.0-:17,True,0.013,0,602,10000,130.0,130.0-:18,True,0.0135,0,603,10000,135.0,135.0-:19,True,0.0174,0,604,10000,174.0,174.0-:20,True,0.0157,0,605,10000,157.0,157.0-:21,True,0.0176,0,606,10000,176.0,176.0-:22,True,0.0152,0,607,10000,152.0,152.0-:23,True,0.0178,0,608,10000,178.0,178.0-:24,True,0.0154,0,609,10000,154.0,154.0-:25,True,0.0177,0,610,10000,177.0,177.0-:26,True,0.0167,0,611,10000,167.0,167.0-:27,True,0.016,0,612,10000,160.0,160.0-:28,True,0.0153,0,613,10000,153.0,153.0-:29,True,0.0139,0,614,10000,139.0,139.0-:30,True,0.0133,0,615,10000,133.0,133.0-:31,True,0.0153,0,616,10000,153.0,153.0-:32,True,0.0141,0,617,10000,141.0,141.0-:33,True,0.008,0,618,10000,80.0,80.0-:;3.6094;0.014758333333333335;8;132;132;True;
2;Datacenter_3;1;switch;access switch;0;360000;2078.0;56.0:57.0:56.0:58.0:57.0:56.0:67.0:57.0:62.0:51.0:57.0:65.0:67.0:59.0:57.0:55.0:57.0:57.0:57.0:65.0:55.0:66.0:57.0:56.0:57.0:67.0:66.0:56.0:66.0:74.0:76.0:77.0:65.0:67.0:;192,True,0.20780000000000004,6,1,10000,2078.0,56.0-57.0-56.0-58.0-57.0-56.0-67.0-57.0-62.0-51.0-57.0-65.0-67.0-59.0-57.0-55.0-57.0-57.0-57.0-65.0-55.0-66.0-57.0-56.0-57.0-67.0-66.0-56.0-66.0-74.0-76.0-77.0-65.0-67.0-:193,True,0,7,1,10000,0,:34,True,0.0056,1,619,10000,56.0,56.0-:35,True,0.0057,1,620,10000,57.0,57.0-:36,True,0.0056,1,621,10000,56.0,56.0-:37,True,0.0058,1,622,10000,58.0,58.0-:38,True,0.0057,1,623,10000,57.0,57.0-:39,True,0.0056,1,624,10000,56.0,56.0-:40,True,0.0067,1,625,10000,67.0,67.0-:41,True,0.0057,1,626,10000,57.0,57.0-:42,True,0.0062,1,627,10000,62.0,62.0-:43,True,0.0051,1,628,10000,51.0,51.0-:44,True,0.0057,1,629,10000,57.0,57.0-:45,True,0.0065,1,630,10000,65.0,65.0-:46,True,0.0067,1,631,10000,67.0,67.0-:47,True,0.0059,1,632,10000,59.0,59.0-:48,True,0.0057,1,633,10000,57.0,57.0-:49,True,0.0055,1,634,10000,55.0,55.0-:50,True,0.0057,1,635,10000,57.0,57.0-:51,True,0.0057,1,636,10000,57.0,57.0-:52,True,0.0057,1,637,10000,57.0,57.0-:53,True,0.0065,1,638,10000,65.0,65.0-:54,True,0.0055,1,639,10000,55.0,55.0-:55,True,0.0066,1,640,10000,66.0,66.0-:56,True,0.0057,1,641,10000,57.0,57.0-:57,True,0.0056,1,642,10000,56.0,56.0-:58,True,0.0057,1,643,10000,57.0,57.0-:59,True,0.0067,1,644,10000,67.0,67.0-:60,True,0.0066,1,645,10000,66.0,66.0-:61,True,0.0056,1,646,10000,56.0,56.0-:62,True,0.0066,1,647,10000,66.0,66.0-:63,True,0.0074,1,648,10000,74.0,74.0-:64,True,0.0076,1,649,10000,76.0,76.0-:65,True,0.0077,1,650,10000,77.0,77.0-:66,True,0.0065,1,651,10000,65.0,65.0-:67,True,0.0067,1,652,10000,67.0,67.0-:;3.6094;0.00577222222222222;8;132;132;True;
2;Datacenter_3;2;switch;access switch;0;360000;2332.0;66.0:38.0:73.0:66.0:75.0:65.0:68.0:72.0:85.0:114.0:103.0:115.0:106.0:73.0:55.0:55.0:67.0:64.0:66.0:55.0:66.0:62.0:64.0:65.0:67.0:57.0:50.0:55.0:64.0:56.0:58.0:64.0:57.0:66.0:;194,True,0.23320000000000002,6,2,10000,2332.0,66.0-38.0-73.0-66.0-75.0-65.0-68.0-72.0-85.0-114.0-103.0-115.0-106.0-73.0-55.0-55.0-67.0-64.0-66.0-55.0-66.0-62.0-64.0-65.0-67.0-57.0-50.0-55.0-64.0-56.0-58.0-64.0-57.0-66.0-:195,True,0,7,2,10000,0,:68,True,0.0066,2,653,10000,66.0,66.0-:69,True,0.0038,2,654,10000,38.0,38.0-:70,True,0.0073,2,655,10000,73.0,73.0-:71,True,0.0066,2,656,10000,66.0,66.0-:72,True,0.0075,2,657,10000,75.0,75.0-:73,True,0.0065,2,658,10000,65.0,65.0-:74,True,0.0068,2,659,10000,68.0,68.0-:75,True,0.0072,2,660,10000,72.0,72.0-:76,True,0.0085,2,661,10000,85.0,85.0-:77,True,0.0114,2,662,10000,114.0,114.0-:78,True,0.0103,2,663,10000,103.0,103.0-:79,True,0.0115,2,664,10000,115.0,115.0-:80,True,0.0106,2,665,10000,106.0,106.0-:81,True,0.0073,2,666,10000,73.0,73.0-:82,True,0.0055,2,667,10000,55.0,55.0-:83,True,0.0055,2,668,10000,55.0,55.0-:84,True,0.0067,2,669,10000,67.0,67.0-:85,True,0.0064,2,670,10000,64.0,64.0-:86,True,0.0066,2,671,10000,66.0,66.0-:87,True,0.0055,2,672,10000,55.0,55.0-:88,True,0.0066,2,673,10000,66.0,66.0-:89,True,0.0062,2,674,10000,62.0,62.0-:90,True,0.0064,2,675,10000,64.0,64.0-:91,True,0.0065,2,676,10000,65.0,65.0-:92,True,0.0067,2,677,10000,67.0,67.0-:93,True,0.0057,2,678,10000,57.0,57.0-:94,True,0.005,2,679,10000,50.0,50.0-:95,True,0.0055,2,680,10000,55.0,55.0-:96,True,0.0064,2,681,10000,64.0,64.0-:97,True,0.0056,2,682,10000,56.0,56.0-:98,True,0.0058,2,683,10000,58.0,58.0-:99,True,0.0064,2,684,10000,64.0,64.0-:100,True,0.0057,2,685,10000,57.0,57.0-:101,True,0.0066,2,686,10000,66.0,66.0-:;3.6094;0.006477777777777775;8;132;132;True;
2;Datacenter_3;3;switch;access switch;0;360000;2094.0;64.0:55.0:58.0:66.0:63.0:73.0:59.0:62.0:64.0:57.0:66.0:63.0:65.0:49.0:57.0:64.0:66.0:55.0:67.0:57.0:55.0:64.0:56.0:64.0:65.0:67.0:67.0:59.0:56.0:67.0:56.0:66.0:57.0:65.0:;196,True,0.2094,6,3,10000,2094.0,64.0-55.0-58.0-66.0-63.0-73.0-59.0-62.0-64.0-57.0-66.0-63.0-65.0-49.0-57.0-64.0-66.0-55.0-67.0-57.0-55.0-64.0-56.0-64.0-65.0-67.0-67.0-59.0-56.0-67.0-56.0-66.0-57.0-65.0-:197,True,0,7,3,10000,0,:102,True,0.0064,3,687,10000,64.0,64.0-:103,True,0.0055,3,688,10000,55.0,55.0-:104,True,0.0058,3,689,10000,58.0,58.0-:105,True,0.0066,3,690,10000,66.0,66.0-:106,True,0.0063,3,691,10000,63.0,63.0-:107,True,0.0073,3,692,10000,73.0,73.0-:108,True,0.0059,3,693,10000,59.0,59.0-:109,True,0.0062,3,694,10000,62.0,62.0-:110,True,0.0064,3,695,10000,64.0,64.0-:111,True,0.0057,3,696,10000,57.0,57.0-:112,True,0.0066,3,697,10000,66.0,66.0-:113,True,0.0063,3,698,10000,63.0,63.0-:114,True,0.0065,3,699,10000,65.0,65.0-:115,True,0.0049,3,700,10000,49.0,49.0-:116,True,0.0057,3,701,10000,57.0,57.0-:117,True,0.0064,3,702,10000,64.0,64.0-:118,True,0.0066,3,703,10000,66.0,66.0-:119,True,0.0055,3,704,10000,55.0,55.0-:120,True,0.0067,3,705,10000,67.0,67.0-:121,True,0.0057,3,706,10000,57.0,57.0-:122,True,0.0055,3,707,10000,55.0,55.0-:123,True,0.0064,3,708,10000,64.0,64.0-:124,True,0.0056,3,709,10000,56.0,56.0-:125,True,0.0064,3,710,10000,64.0,64.0-:126,True,0.0065,3,711,10000,65.0,65.0-:127,True,0.0067,3,712,10000,67.0,67.0-:128,True,0.0067,3,713,10000,67.0,67.0-:129,True,0.0059,3,714,10000,59.0,59.0-:130,True,0.0056,3,715,10000,56.0,56.0-:131,True,0.0067,3,716,10000,67.0,67.0-:132,True,0.0056,3,717,10000,56.0,56.0-:133,True,0.0066,3,718,10000,66.0,66.0-:134,True,0.0057,3,719,10000,57.0,57.0-:135,True,0.0065,3,720,10000,65.0,65.0-:;3.6094;0.005816666666666664;8;132;132;True;
2;Datacenter_3;4;switch;access switch;0;360000;3900.0;57.0:66.0:56.0:66.0:66.0:49.0:49.0:65.0:54.0:56.0:66.0:57.0:59.0:57.0:61.0:65.0:62.0:65.0:65.0:57.0:55.0:58.0:65.0:63.0:227.0:234.0:236.0:229.0:231.0:253.0:257.0:268.0:260.0:266.0:;198,True,0.39,6,4,10000,3900.0,57.0-66.0-56.0-66.0-66.0-49.0-49.0-65.0-54.0-56.0-66.0-57.0-59.0-57.0-61.0-65.0-62.0-65.0-65.0-57.0-55.0-58.0-65.0-63.0-227.0-234.0-236.0-229.0-231.0-253.0-257.0-268.0-260.0-266.0-:199,True,0,7,4,10000,0,:136,True,0.0057,4,721,10000,57.0,57.0-:137,True,0.0066,4,722,10000,66.0,66.0-:138,True,0.0056,4,723,10000,56.0,56.0-:139,True,0.0066,4,724,10000,66.0,66.0-:140,True,0.0066,4,725,10000,66.0,66.0-:141,True,0.0049,4,726,10000,49.0,49.0-:142,True,0.0049,4,727,10000,49.0,49.0-:143,True,0.0065,4,728,10000,65.0,65.0-:144,True,0.0054,4,729,10000,54.0,54.0-:145,True,0.0056,4,730,10000,56.0,56.0-:146,True,0.0066,4,731,10000,66.0,66.0-:147,True,0.0057,4,732,10000,57.0,57.0-:148,True,0.0059,4,733,10000,59.0,59.0-:149,True,0.0057,4,734,10000,57.0,57.0-:150,True,0.0061,4,735,10000,61.0,61.0-:151,True,0.0065,4,736,10000,65.0,65.0-:152,True,0.0062,4,737,10000,62.0,62.0-:153,True,0.0065,4,738,10000,65.0,65.0-:154,True,0.0065,4,739,10000,65.0,65.0-:155,True,0.0057,4,740,10000,57.0,57.0-:156,True,0.0055,4,741,10000,55.0,55.0-:157,True,0.0058,4,742,10000,58.0,58.0-:158,True,0.0065,4,743,10000,65.0,65.0-:159,True,0.0063,4,744,10000,63.0,63.0-:160,True,0.0227,4,745,10000,227.0,227.0-:161,True,0.0234,4,746,10000,234.0,234.0-:162,True,0.0236,4,747,10000,236.0,236.0-:163,True,0.0229,4,748,10000,229.0,229.0-:164,True,0.0231,4,749,10000,231.0,231.0-:165,True,0.0253,4,750,10000,253.0,253.0-:166,True,0.0257,4,751,10000,257.0,257.0-:167,True,0.0268,4,752,10000,268.0,268.0-:168,True,0.026,4,753,10000,260.0,260.0-:169,True,0.0266,4,754,10000,266.0,266.0-:;3.6094;0.010833333333333334;8;132;132;True;
2;Datacenter_3;5;switch;access switch;0;360000;4817.0;264.0:257.0:251.0:253.0:272.0:256.0:293.0:237.0:233.0:233.0:229.0:226.0:229.0:229.0:224.0:226.0:231.0:226.0:220.0:228.0:;200,True,0.48169999999999996,6,5,10000,4817.0,264.0-257.0-251.0-253.0-272.0-256.0-293.0-237.0-233.0-233.0-229.0-226.0-229.0-229.0-224.0-226.0-231.0-226.0-220.0-228.0-:201,True,0,7,5,10000,0,:170,True,0.0264,5,755,10000,264.0,264.0-:171,True,0.0257,5,756,10000,257.0,257.0-:172,True,0.0251,5,757,10000,251.0,251.0-:173,True,0.0253,5,758,10000,253.0,253.0-:174,True,0.0272,5,759,10000,272.0,272.0-:175,True,0.0256,5,760,10000,256.0,256.0-:176,True,0.0293,5,761,10000,293.0,293.0-:177,True,0.0237,5,762,10000,237.0,237.0-:178,True,0.0233,5,763,10000,233.0,233.0-:179,True,0.0233,5,764,10000,233.0,233.0-:180,True,0.0229,5,765,10000,229.0,229.0-:181,True,0.0226,5,766,10000,226.0,226.0-:182,True,0.0229,5,767,10000,229.0,229.0-:183,True,0.0229,5,768,10000,229.0,229.0-:184,True,0.0224,5,769,10000,224.0,224.0-:185,True,0.0226,5,770,10000,226.0,226.0-:186,True,0.0231,5,771,10000,231.0,231.0-:187,True,0.0226,5,772,10000,226.0,226.0-:188,True,0.022,5,773,10000,220.0,220.0-:189,True,0.0228,5,774,10000,228.0,228.0-:::::::::::::::;3.6094;0.013380555555555557;8;132;132;True;
2;Datacenter_3;6;switch;distribution switch;1;1080000;20534.0;187.0:185.0:163.0:160.0:162.0:161.0:149.0:161.0:183.0:166.0:159.0:164.0:161.0:147.0:159.0:156.0:131.0:130.0:135.0:174.0:157.0:176.0:152.0:178.0:154.0:177.0:167.0:160.0:153.0:139.0:133.0:153.0:141.0:80.0:56.0:57.0:56.0:58.0:57.0:56.0:67.0:57.0:62.0:51.0:57.0:65.0:67.0:59.0:57.0:55.0:57.0:57.0:57.0:65.0:55.0:66.0:57.0:56.0:57.0:67.0:66.0:56.0:66.0:74.0:76.0:77.0:65.0:67.0:66.0:38.0:73.0:66.0:75.0:65.0:68.0:72.0:85.0:114.0:103.0:115.0:106.0:73.0:55.0:55.0:67.0:64.0:66.0:55.0:66.0:62.0:64.0:65.0:67.0:57.0:50.0:55.0:64.0:56.0:58.0:64.0:57.0:66.0:64.0:55.0:58.0:66.0:63.0:73.0:59.0:62.0:64.0:57.0:66.0:63.0:65.0:49.0:57.0:64.0:66.0:55.0:67.0:57.0:55.0:64.0:56.0:64.0:65.0:67.0:67.0:59.0:56.0:67.0:56.0:66.0:57.0:65.0:57.0:66.0:56.0:66.0:66.0:49.0:49.0:65.0:54.0:56.0:66.0:57.0:59.0:57.0:61.0:65.0:62.0:65.0:65.0:57.0:55.0:58.0:65.0:63.0:227.0:234.0:236.0:229.0:231.0:253.0:257.0:268.0:260.0:266.0:264.0:257.0:251.0:253.0:272.0:256.0:293.0:237.0:233.0:233.0:229.0:226.0:229.0:229.0:224.0:226.0:231.0:226.0:220.0:228.0:;202,True,2.0534,8,6,10000,20534.0,187.0-185.0-163.0-160.0-162.0-161.0-149.0-161.0-183.0-166.0-159.0-164.0-161.0-147.0-159.0-156.0-131.0-130.0-135.0-174.0-157.0-176.0-152.0-178.0-154.0-177.0-167.0-160.0-153.0-139.0-133.0-153.0-141.0-80.0-56.0-57.0-56.0-58.0-57.0-56.0-67.0-57.0-62.0-51.0-57.0-65.0-67.0-59.0-57.0-55.0-57.0-57.0-57.0-65.0-55.0-66.0-57.0-56.0-57.0-67.0-66.0-56.0-66.0-74.0-76.0-77.0-65.0-67.0-66.0-38.0-73.0-66.0-75.0-65.0-68.0-72.0-85.0-114.0-103.0-115.0-106.0-73.0-55.0-55.0-67.0-64.0-66.0-55.0-66.0-62.0-64.0-65.0-67.0-57.0-50.0-55.0-64.0-56.0-58.0-64.0-57.0-66.0-64.0-55.0-58.0-66.0-63.0-73.0-59.0-62.0-64.0-57.0-66.0-63.0-65.0-49.0-57.0-64.0-66.0-55.0-67.0-57.0-55.0-64.0-56.0-64.0-65.0-67.0-67.0-59.0-56.0-67.0-56.0-66.0-57.0-65.0-57.0-66.0-56.0-66.0-66.0-49.0-49.0-65.0-54.0-56.0-66.0-57.0-59.0-57.0-61.0-65.0-62.0-65.0-65.0-57.0-55.0-58.0-65.0-63.0-227.0-234.0-236.0-229.0-231.0-253.0-257.0-268.0-260.0-266.0-264.0-257.0-251.0-253.0-272.0-256.0-293.0-237.0-233.0-233.0-229.0-226.0-229.0-229.0-224.0-226.0-231.0-226.0-220.0-228.0-:203,True,0,9,6,10000,0,:200,True,0.48169999999999996,6,5,10000,4817.0,264.0-257.0-251.0-253.0-272.0-256.0-293.0-237.0-233.0-233.0-229.0-226.0-229.0-229.0-224.0-226.0-231.0-226.0-220.0-228.0-::::::::::::::::::::::::::::::::::::::::::::::::::::::::::::::::::::::::::::::::::::::::::::::::::::::::::;3.6094;0.019012962962962964;8;1056;1056;True;
2;Datacenter_3;7;switch;distribution switch;1;1080000;0;;204,True,0,8,7,10000,0,:205,True,0,9,7,10000,0,:201,True,0,7,5,10000,0,::::::::::::::::::::::::::::::::::::::::::::::::::::::::::::::::::::::::::::::::::::::::::::::::::::::::::;3.6094;0;8;1056;1056;True;
2;Datacenter_3;8;switch;core switch;2;1080000;20534.0;187.0:185.0:163.0:160.0:162.0:161.0:149.0:161.0:183.0:166.0:159.0:164.0:161.0:147.0:159.0:156.0:131.0:130.0:135.0:174.0:157.0:176.0:152.0:178.0:154.0:177.0:167.0:160.0:153.0:139.0:133.0:153.0:141.0:80.0:56.0:57.0:56.0:58.0:57.0:56.0:67.0:57.0:62.0:51.0:57.0:65.0:67.0:59.0:57.0:55.0:57.0:57.0:57.0:65.0:55.0:66.0:57.0:56.0:57.0:67.0:66.0:56.0:66.0:74.0:76.0:77.0:65.0:67.0:66.0:38.0:73.0:66.0:75.0:65.0:68.0:72.0:85.0:114.0:103.0:115.0:106.0:73.0:55.0:55.0:67.0:64.0:66.0:55.0:66.0:62.0:64.0:65.0:67.0:57.0:50.0:55.0:64.0:56.0:58.0:64.0:57.0:66.0:64.0:55.0:58.0:66.0:63.0:73.0:59.0:62.0:64.0:57.0:66.0:63.0:65.0:49.0:57.0:64.0:66.0:55.0:67.0:57.0:55.0:64.0:56.0:64.0:65.0:67.0:67.0:59.0:56.0:67.0:56.0:66.0:57.0:65.0:57.0:66.0:56.0:66.0:66.0:49.0:49.0:65.0:54.0:56.0:66.0:57.0:59.0:57.0:61.0:65.0:62.0:65.0:65.0:57.0:55.0:58.0:65.0:63.0:227.0:234.0:236.0:229.0:231.0:253.0:257.0:268.0:260.0:266.0:264.0:257.0:251.0:253.0:272.0:256.0:293.0:237.0:233.0:233.0:229.0:226.0:229.0:229.0:224.0:226.0:231.0:226.0:220.0:228.0:;:202,True,2.0534,8,6,10000,20534.0,187.0-185.0-163.0-160.0-162.0-161.0-149.0-161.0-183.0-166.0-159.0-164.0-161.0-147.0-159.0-156.0-131.0-130.0-135.0-174.0-157.0-176.0-152.0-178.0-154.0-177.0-167.0-160.0-153.0-139.0-133.0-153.0-141.0-80.0-56.0-57.0-56.0-58.0-57.0-56.0-67.0-57.0-62.0-51.0-57.0-65.0-67.0-59.0-57.0-55.0-57.0-57.0-57.0-65.0-55.0-66.0-57.0-56.0-57.0-67.0-66.0-56.0-66.0-74.0-76.0-77.0-65.0-67.0-66.0-38.0-73.0-66.0-75.0-65.0-68.0-72.0-85.0-114.0-103.0-115.0-106.0-73.0-55.0-55.0-67.0-64.0-66.0-55.0-66.0-62.0-64.0-65.0-67.0-57.0-50.0-55.0-64.0-56.0-58.0-64.0-57.0-66.0-64.0-55.0-58.0-66.0-63.0-73.0-59.0-62.0-64.0-57.0-66.0-63.0-65.0-49.0-57.0-64.0-66.0-55.0-67.0-57.0-55.0-64.0-56.0-64.0-65.0-67.0-67.0-59.0-56.0-67.0-56.0-66.0-57.0-65.0-57.0-66.0-56.0-66.0-66.0-49.0-49.0-65.0-54.0-56.0-66.0-57.0-59.0-57.0-61.0-65.0-62.0-65.0-65.0-57.0-55.0-58.0-65.0-63.0-227.0-234.0-236.0-229.0-231.0-253.0-257.0-268.0-260.0-266.0-264.0-257.0-251.0-253.0-272.0-256.0-293.0-237.0-233.0-233.0-229.0-226.0-229.0-229.0-224.0-226.0-231.0-226.0-220.0-228.0-:::::::::::::::::::::::::::::::::::::::::::::::::::::::::::::::::::::::::::::::::::::::::::::::::::::::::::;3.6094;0.019012962962962964;8;1056;1056;True;
2;Datacenter_3;9;switch;core switch;2;1080000;0;;:203,True,0,9,6,10000,0,:205,True,0,9,7,10000,0,::::::::::::::::::::::::::::::::::::::::::::::::::::::::::::::::::::::::::::::::::::::::::::::::::::::::::;3.6094;0;8;1056;1056;True;
3;Datacenter_4;0;switch;access switch;0;360000;2015.0;54.0:75.0:54.0:57.0:49.0:55.0:62.0:69.0:57.0:57.0:62.0:57.0:58.0:50.0:57.0:65.0:74.0:57.0:56.0:56.0:65.0:61.0:57.0:57.0:54.0:58.0:58.0:63.0:59.0:57.0:58.0:64.0:67.0:56.0:;275,True,0.20149999999999998,9,0,10000,2015.0,54.0-75.0-54.0-57.0-49.0-55.0-62.0-69.0-57.0-57.0-62.0-57.0-58.0-50.0-57.0-65.0-74.0-57.0-56.0-56.0-65.0-61.0-57.0-57.0-54.0-58.0-58.0-63.0-59.0-57.0-58.0-64.0-67.0-56.0-:276,True,0,10,0,10000,0,:0,True,0.0054,0,775,10000,54.0,54.0-:1,True,0.0075,0,776,10000,75.0,75.0-:2,True,0.0054,0,777,10000,54.0,54.0-:3,True,0.0057,0,778,10000,57.0,57.0-:4,True,0.0049,0,779,10000,49.0,49.0-:5,True,0.0055,0,780,10000,55.0,55.0-:6,True,0.0062,0,781,10000,62.0,62.0-:7,True,0.0069,0,782,10000,69.0,69.0-:8,True,0.0057,0,783,10000,57.0,57.0-:9,True,0.0057,0,784,10000,57.0,57.0-:10,True,0.0062,0,785,10000,62.0,62.0-:11,True,0.0057,0,786,10000,57.0,57.0-:12,True,0.0058,0,787,10000,58.0,58.0-:13,True,0.005,0,788,10000,50.0,50.0-:14,True,0.0057,0,789,10000,57.0,57.0-:15,True,0.0065,0,790,10000,65.0,65.0-:16,True,0.0074,0,791,10000,74.0,74.0-:17,True,0.0057,0,792,10000,57.0,57.0-:18,True,0.0056,0,793,10000,56.0,56.0-:19,True,0.0056,0,794,10000,56.0,56.0-:20,True,0.0065,0,795,10000,65.0,65.0-:21,True,0.0061,0,796,10000,61.0,61.0-:22,True,0.0057,0,797,10000,57.0,57.0-:23,True,0.0057,0,798,10000,57.0,57.0-:24,True,0.0054,0,799,10000,54.0,54.0-:25,True,0.0058,0,800,10000,58.0,58.0-:26,True,0.0058,0,801,10000,58.0,58.0-:27,True,0.0063,0,802,10000,63.0,63.0-:28,True,0.0059,0,803,10000,59.0,59.0-:29,True,0.0057,0,804,10000,57.0,57.0-:30,True,0.0058,0,805,10000,58.0,58.0-:31,True,0.0064,0,806,10000,64.0,64.0-:32,True,0.0067,0,807,10000,67.0,67.0-:33,True,0.0056,0,808,10000,56.0,56.0-:;3.6094;0.0055972222222222204;8;132;132;True;
3;Datacenter_4;1;switch;access switch;0;360000;2010.0;54.0:64.0:63.0:65.0:62.0:56.0:67.0:63.0:63.0:57.0:68.0:56.0:64.0:56.0:63.0:63.0:62.0:49.0:60.0:46.0:55.0:56.0:52.0:62.0:56.0:53.0:56.0:72.0:48.0:63.0:63.0:56.0:59.0:58.0:;277,True,0.20099999999999998,9,1,10000,2010.0,54.0-64.0-63.0-65.0-62.0-56.0-67.0-63.0-63.0-57.0-68.0-56.0-64.0-56.0-63.0-63.0-62.0-49.0-60.0-46.0-55.0-56.0-52.0-62.0-56.0-53.0-56.0-72.0-48.0-63.0-63.0-56.0-59.0-58.0-:278,True,0,10,1,10000,0,:34,True,0.0054,1,809,10000,54.0,54.0-:35,True,0.0064,1,810,10000,64.0,64.0-:36,True,0.0063,1,811,10000,63.0,63.0-:37,True,0.0065,1,812,10000,65.0,65.0-:38,True,0.0062,1,813,10000,62.0,62.0-:39,True,0.0056,1,814,10000,56.0,56.0-:40,True,0.0067,1,815,10000,67.0,67.0-:41,True,0.0063,1,816,10000,63.0,63.0-:42,True,0.0063,1,817,10000,63.0,63.0-:43,True,0.0057,1,818,10000,57.0,57.0-:44,True,0.0068,1,819,10000,68.0,68.0-:45,True,0.0056,1,820,10000,56.0,56.0-:46,True,0.0064,1,821,10000,64.0,64.0-:47,True,0.0056,1,822,10000,56.0,56.0-:48,True,0.0063,1,823,10000,63.0,63.0-:49,True,0.0063,1,824,10000,63.0,63.0-:50,True,0.0062,1,825,10000,62.0,62.0-:51,True,0.0049,1,826,10000,49.0,49.0-:52,True,0.006,1,827,10000,60.0,60.0-:53,True,0.0046,1,828,10000,46.0,46.0-:54,True,0.0055,1,829,10000,55.0,55.0-:55,True,0.0056,1,830,10000,56.0,56.0-:56,True,0.0052,1,831,10000,52.0,52.0-:57,True,0.0062,1,832,10000,62.0,62.0-:58,True,0.0056,1,833,10000,56.0,56.0-:59,True,0.0053,1,834,10000,53.0,53.0-:60,True,0.0056,1,835,10000,56.0,56.0-:61,True,0.0072,1,836,10000,72.0,72.0-:62,True,0.0048,1,837,10000,48.0,48.0-:63,True,0.0063,1,838,10000,63.0,63.0-:64,True,0.0063,1,839,10000,63.0,63.0-:65,True,0.0056,1,840,10000,56.0,56.0-:66,True,0.0059,1,841,10000,59.0,59.0-:67,True,0.0058,1,842,10000,58.0,58.0-:;3.6094;0.005583333333333331;8;132;132;True;
3;Datacenter_4;2;switch;access switch;0;360000;4705.0;55.0:82.0:129.0:105.0:88.0:123.0:274.0:242.0:195.0:250.0:199.0:167.0:197.0:177.0:192.0:155.0:130.0:114.0:93.0:111.0:125.0:110.0:113.0:94.0:112.0:111.0:129.0:129.0:128.0:114.0:111.0:129.0:137.0:85.0:;279,True,0.47050000000000003,9,2,10000,4705.0,55.0-82.0-129.0-105.0-88.0-123.0-274.0-242.0-195.0-250.0-199.0-167.0-197.0-177.0-192.0-155.0-130.0-114.0-93.0-111.0-125.0-110.0-113.0-94.0-112.0-111.0-129.0-129.0-128.0-114.0-111.0-129.0-137.0-85.0-:280,True,0,10,2,10000,0,:68,True,0.0055,2,843,10000,55.0,55.0-:69,True,0.0082,2,844,10000,82.0,82.0-:70,True,0.0129,2,845,10000,129.0,129.0-:71,True,0.0105,2,846,10000,105.0,105.0-:72,True,0.0088,2,847,10000,88.0,88.0-:73,True,0.0123,2,848,10000,123.0,123.0-:74,True,0.0274,2,849,10000,274.0,274.0-:75,True,0.0242,2,850,10000,242.0,242.0-:76,True,0.0195,2,851,10000,195.0,195.0-:77,True,0.025,2,852,10000,250.0,250.0-:78,True,0.0199,2,853,10000,199.0,199.0-:79,True,0.0167,2,854,10000,167.0,167.0-:80,True,0.0197,2,855,10000,197.0,197.0-:81,True,0.0177,2,856,10000,177.0,177.0-:82,True,0.0192,2,857,10000,192.0,192.0-:83,True,0.0155,2,858,10000,155.0,155.0-:84,True,0.013,2,859,10000,130.0,130.0-:85,True,0.0114,2,860,10000,114.0,114.0-:86,True,0.0093,2,861,10000,93.0,93.0-:87,True,0.0111,2,862,10000,111.0,111.0-:88,True,0.0125,2,863,10000,125.0,125.0-:89,True,0.011,2,864,10000,110.0,110.0-:90,True,0.0113,2,865,10000,113.0,113.0-:91,True,0.0094,2,866,10000,94.0,94.0-:92,True,0.0112,2,867,10000,112.0,112.0-:93,True,0.0111,2,868,10000,111.0,111.0-:94,True,0.0129,2,869,10000,129.0,129.0-:95,True,0.0129,2,870,10000,129.0,129.0-:96,True,0.0128,2,871,10000,128.0,128.0-:97,True,0.0114,2,872,10000,114.0,114.0-:98,True,0.0111,2,873,10000,111.0,111.0-:99,True,0.0129,2,874,10000,129.0,129.0-:100,True,0.0137,2,875,10000,137.0,137.0-:101,True,0.0085,2,876,10000,85.0,85.0-:;3.6094;0.013069444444444448;8;132;132;True;
3;Datacenter_4;3;switch;access switch;0;360000;16298.0;101.0:95.0:114.0:108.0:98.0:112.0:114.0:139.0:126.0:149.0:126.0:158.0:3354.0:7363.0:199.0:189.0:190.0:189.0:186.0:202.0:197.0:197.0:195.0:227.0:226.0:227.0:226.0:226.0:164.0:195.0:226.0:226.0:228.0:226.0:;281,True,1.6297999999999995,9,3,10000,16298.0,101.0-95.0-114.0-108.0-98.0-112.0-114.0-139.0-126.0-149.0-126.0-158.0-3354.0-7363.0-199.0-189.0-190.0-189.0-186.0-202.0-197.0-197.0-195.0-227.0-226.0-227.0-226.0-226.0-164.0-195.0-226.0-226.0-228.0-226.0-:282,True,0,10,3,10000,0,:102,True,0.0101,3,877,10000,101.0,101.0-:103,True,0.0095,3,878,10000,95.0,95.0-:104,True,0.0114,3,879,10000,114.0,114.0-:105,True,0.0108,3,880,10000,108.0,108.0-:106,True,0.0098,3,881,10000,98.0,98.0-:107,True,0.0112,3,882,10000,112.0,112.0-:108,True,0.0114,3,883,10000,114.0,114.0-:109,True,0.0139,3,884,10000,139.0,139.0-:110,True,0.0126,3,885,10000,126.0,126.0-:111,True,0.0149,3,886,10000,149.0,149.0-:112,True,0.0126,3,887,10000,126.0,126.0-:113,True,0.0158,3,888,10000,158.0,158.0-:114,True,0.3354,3,889,10000,3354.0,3354.0-:115,True,0.7363,3,890,10000,7363.0,7363.0-:116,True,0.0199,3,891,10000,199.0,199.0-:117,True,0.0189,3,892,10000,189.0,189.0-:118,True,0.019,3,893,10000,190.0,190.0-:119,True,0.0189,3,894,10000,189.0,189.0-:120,True,0.0186,3,895,10000,186.0,186.0-:121,True,0.0202,3,896,10000,202.0,202.0-:122,True,0.0197,3,897,10000,197.0,197.0-:123,True,0.0197,3,898,10000,197.0,197.0-:124,True,0.0195,3,899,10000,195.0,195.0-:125,True,0.0227,3,900,10000,227.0,227.0-:126,True,0.0226,3,901,10000,226.0,226.0-:127,True,0.0227,3,902,10000,227.0,227.0-:128,True,0.0226,3,903,10000,226.0,226.0-:129,True,0.0226,3,904,10000,226.0,226.0-:130,True,0.0164,3,905,10000,164.0,164.0-:131,True,0.0195,3,906,10000,195.0,195.0-:132,True,0.0226,3,907,10000,226.0,226.0-:133,True,0.0226,3,908,10000,226.0,226.0-:134,True,0.0228,3,909,10000,228.0,228.0-:135,True,0.0226,3,910,10000,226.0,226.0-:;3.6094;0.04527222222222221;8;132;132;True;
3;Datacenter_4;4;switch;access switch;0;360000;4744.0;228.0:226.0:227.0:227.0:259.0:259.0:228.0:234.0:209.0:270.0:194.0:226.0:245.0:278.0:249.0:245.0:275.0:240.0:240.0:185.0:0.0:0.0:0.0:0.0:0.0:0.0:0.0:0.0:0.0:0.0:0.0:0.0:0.0:0.0:;283,True,0.4744000000000001,9,4,10000,4744.0,228.0-226.0-227.0-227.0-259.0-259.0-228.0-234.0-209.0-270.0-194.0-226.0-245.0-278.0-249.0-245.0-275.0-240.0-240.0-185.0-0.0-0.0-0.0-0.0-0.0-0.0-0.0-0.0-0.0-0.0-0.0-0.0-0.0-0.0-:284,True,0,10,4,10000,0,:136,True,0.0228,4,911,10000,228.0,228.0-:137,True,0.0226,4,912,10000,226.0,226.0-:138,True,0.0227,4,913,10000,227.0,227.0-:139,True,0.0227,4,914,10000,227.0,227.0-:140,True,0.0259,4,915,10000,259.0,259.0-:141,True,0.0259,4,916,10000,259.0,259.0-:142,True,0.0228,4,917,10000,228.0,228.0-:143,True,0.0234,4,918,10000,234.0,234.0-:144,True,0.0209,4,919,10000,209.0,209.0-:145,True,0.027,4,920,10000,270.0,270.0-:146,True,0.0194,4,921,10000,194.0,194.0-:147,True,0.0226,4,922,10000,226.0,226.0-:148,True,0.0245,4,923,10000,245.0,245.0-:149,True,0.0278,4,924,10000,278.0,278.0-:150,True,0.0249,4,925,10000,249.0,249.0-:151,True,0.0245,4,926,10000,245.0,245.0-:152,True,0.0275,4,927,10000,275.0,275.0-:153,True,0.024,4,928,10000,240.0,240.0-:154,True,0.024,4,929,10000,240.0,240.0-:155,True,0.0185,4,930,10000,185.0,185.0-:156,True,0.0,4,931,10000,0.0,0.0-:157,True,0.0,4,932,10000,0.0,0.0-:158,True,0.0,4,933,10000,0.0,0.0-:159,True,0.0,4,934,10000,0.0,0.0-:160,True,0.0,4,935,10000,0.0,0.0-:161,True,0.0,4,936,10000,0.0,0.0-:162,True,0.0,4,937,10000,0.0,0.0-:163,True,0.0,4,938,10000,0.0,0.0-:164,True,0.0,4,939,10000,0.0,0.0-:165,True,0.0,4,940,10000,0.0,0.0-:166,True,0.0,4,941,10000,0.0,0.0-:167,True,0.0,4,942,10000,0.0,0.0-:168,True,0.0,4,943,10000,0.0,0.0-:169,True,0.0,4,944,10000,0.0,0.0-:;3.6094;0.013177777777777776;8;132;132;True;
3;Datacenter_4;5;switch;access switch;0;360000;0.0;0.0:0.0:0.0:0.0:0.0:0.0:0.0:0.0:0.0:0.0:0.0:0.0:0.0:0.0:0.0:0.0:0.0:0.0:0.0:0.0:0.0:0.0:0.0:0.0:0.0:0.0:0.0:0.0:0.0:0.0:0.0:0.0:0.0:0.0:;285,True,0.0,9,5,10000,0.0,0.0-0.0-0.0-0.0-0.0-0.0-0.0-0.0-0.0-0.0-0.0-0.0-0.0-0.0-0.0-0.0-0.0-0.0-0.0-0.0-0.0-0.0-0.0-0.0-0.0-0.0-0.0-0.0-0.0-0.0-0.0-0.0-0.0-0.0-:286,True,0,10,5,10000,0,:170,True,0.0,5,945,10000,0.0,0.0-:171,True,0.0,5,946,10000,0.0,0.0-:172,True,0.0,5,947,10000,0.0,0.0-:173,True,0.0,5,948,10000,0.0,0.0-:174,True,0.0,5,949,10000,0.0,0.0-:175,True,0.0,5,950,10000,0.0,0.0-:176,True,0.0,5,951,10000,0.0,0.0-:177,True,0.0,5,952,10000,0.0,0.0-:178,True,0.0,5,953,10000,0.0,0.0-:179,True,0.0,5,954,10000,0.0,0.0-:180,True,0.0,5,955,10000,0.0,0.0-:181,True,0.0,5,956,10000,0.0,0.0-:182,True,0.0,5,957,10000,0.0,0.0-:183,True,0.0,5,958,10000,0.0,0.0-:184,True,0.0,5,959,10000,0.0,0.0-:185,True,0.0,5,960,10000,0.0,0.0-:186,True,0.0,5,961,10000,0.0,0.0-:187,True,0.0,5,962,10000,0.0,0.0-:188,True,0.0,5,963,10000,0.0,0.0-:189,True,0.0,5,964,10000,0.0,0.0-:190,True,0.0,5,965,10000,0.0,0.0-:191,True,0.0,5,966,10000,0.0,0.0-:192,True,0.0,5,967,10000,0.0,0.0-:193,True,0.0,5,968,10000,0.0,0.0-:194,True,0.0,5,969,10000,0.0,0.0-:195,True,0.0,5,970,10000,0.0,0.0-:196,True,0.0,5,971,10000,0.0,0.0-:197,True,0.0,5,972,10000,0.0,0.0-:198,True,0.0,5,973,10000,0.0,0.0-:199,True,0.0,5,974,10000,0.0,0.0-:200,True,0.0,5,975,10000,0.0,0.0-:201,True,0.0,5,976,10000,0.0,0.0-:202,True,0.0,5,977,10000,0.0,0.0-:203,True,0.0,5,978,10000,0.0,0.0-:;3.6094;0.0;8;132;132;True;
3;Datacenter_4;6;switch;access switch;0;360000;0.0;0.0:0.0:0.0:0.0:0.0:0.0:0.0:0.0:0.0:0.0:0.0:0.0:0.0:0.0:0.0:0.0:0.0:0.0:0.0:0.0:0.0:0.0:0.0:0.0:0.0:0.0:0.0:0.0:0.0:0.0:0.0:0.0:0.0:0.0:;287,True,0.0,9,6,10000,0.0,0.0-0.0-0.0-0.0-0.0-0.0-0.0-0.0-0.0-0.0-0.0-0.0-0.0-0.0-0.0-0.0-0.0-0.0-0.0-0.0-0.0-0.0-0.0-0.0-0.0-0.0-0.0-0.0-0.0-0.0-0.0-0.0-0.0-0.0-:288,True,0,10,6,10000,0,:204,True,0.0,6,979,10000,0.0,0.0-:205,True,0.0,6,980,10000,0.0,0.0-:206,True,0.0,6,981,10000,0.0,0.0-:207,True,0.0,6,982,10000,0.0,0.0-:208,True,0.0,6,983,10000,0.0,0.0-:209,True,0.0,6,984,10000,0.0,0.0-:210,True,0.0,6,985,10000,0.0,0.0-:211,True,0.0,6,986,10000,0.0,0.0-:212,True,0.0,6,987,10000,0.0,0.0-:213,True,0.0,6,988,10000,0.0,0.0-:214,True,0.0,6,989,10000,0.0,0.0-:215,True,0.0,6,990,10000,0.0,0.0-:216,True,0.0,6,991,10000,0.0,0.0-:217,True,0.0,6,992,10000,0.0,0.0-:218,True,0.0,6,993,10000,0.0,0.0-:219,True,0.0,6,994,10000,0.0,0.0-:220,True,0.0,6,995,10000,0.0,0.0-:221,True,0.0,6,996,10000,0.0,0.0-:222,True,0.0,6,997,10000,0.0,0.0-:223,True,0.0,6,998,10000,0.0,0.0-:224,True,0.0,6,999,10000,0.0,0.0-:225,True,0.0,6,1000,10000,0.0,0.0-:226,True,0.0,6,1001,10000,0.0,0.0-:227,True,0.0,6,1002,10000,0.0,0.0-:228,True,0.0,6,1003,10000,0.0,0.0-:229,True,0.0,6,1004,10000,0.0,0.0-:230,True,0.0,6,1005,10000,0.0,0.0-:231,True,0.0,6,1006,10000,0.0,0.0-:232,True,0.0,6,1007,10000,0.0,0.0-:233,True,0.0,6,1008,10000,0.0,0.0-:234,True,0.0,6,1009,10000,0.0,0.0-:235,True,0.0,6,1010,10000,0.0,0.0-:236,True,0.0,6,1011,10000,0.0,0.0-:237,True,0.0,6,1012,10000,0.0,0.0-:;3.6094;0.0;8;132;132;True;
3;Datacenter_4;7;switch;access switch;0;360000;0.0;0.0:0.0:0.0:0.0:0.0:0.0:0.0:0.0:0.0:0.0:0.0:0.0:0.0:0.0:0.0:0.0:0.0:0.0:0.0:0.0:0.0:0.0:0.0:0.0:0.0:0.0:0.0:0.0:0.0:0.0:0.0:0.0:0.0:0.0:;289,True,0.0,9,7,10000,0.0,0.0-0.0-0.0-0.0-0.0-0.0-0.0-0.0-0.0-0.0-0.0-0.0-0.0-0.0-0.0-0.0-0.0-0.0-0.0-0.0-0.0-0.0-0.0-0.0-0.0-0.0-0.0-0.0-0.0-0.0-0.0-0.0-0.0-0.0-:290,True,0,10,7,10000,0,:238,True,0.0,7,1013,10000,0.0,0.0-:239,True,0.0,7,1014,10000,0.0,0.0-:240,True,0.0,7,1015,10000,0.0,0.0-:241,True,0.0,7,1016,10000,0.0,0.0-:242,True,0.0,7,1017,10000,0.0,0.0-:243,True,0.0,7,1018,10000,0.0,0.0-:244,True,0.0,7,1019,10000,0.0,0.0-:245,True,0.0,7,1020,10000,0.0,0.0-:246,True,0.0,7,1021,10000,0.0,0.0-:247,True,0.0,7,1022,10000,0.0,0.0-:248,True,0.0,7,1023,10000,0.0,0.0-:249,True,0.0,7,1024,10000,0.0,0.0-:250,True,0.0,7,1025,10000,0.0,0.0-:251,True,0.0,7,1026,10000,0.0,0.0-:252,True,0.0,7,1027,10000,0.0,0.0-:253,True,0.0,7,1028,10000,0.0,0.0-:254,True,0.0,7,1029,10000,0.0,0.0-:255,True,0.0,7,1030,10000,0.0,0.0-:256,True,0.0,7,1031,10000,0.0,0.0-:257,True,0.0,7,1032,10000,0.0,0.0-:258,True,0.0,7,1033,10000,0.0,0.0-:259,True,0.0,7,1034,10000,0.0,0.0-:260,True,0.0,7,1035,10000,0.0,0.0-:261,True,0.0,7,1036,10000,0.0,0.0-:262,True,0.0,7,1037,10000,0.0,0.0-:263,True,0.0,7,1038,10000,0.0,0.0-:264,True,0.0,7,1039,10000,0.0,0.0-:265,True,0.0,7,1040,10000,0.0,0.0-:266,True,0.0,7,1041,10000,0.0,0.0-:267,True,0.0,7,1042,10000,0.0,0.0-:268,True,0.0,7,1043,10000,0.0,0.0-:269,True,0.0,7,1044,10000,0.0,0.0-:270,True,0.0,7,1045,10000,0.0,0.0-:271,True,0.0,7,1046,10000,0.0,0.0-:;3.6094;0.0;8;132;132;True;
3;Datacenter_4;8;switch;access switch;0;360000;0.0;0.0:0.0:0.0:;291,True,0.0,9,8,10000,0.0,0.0-0.0-0.0-:292,True,0,10,8,10000,0,:272,True,0.0,8,1047,10000,0.0,0.0-:273,True,0.0,8,1048,10000,0.0,0.0-:274,True,0.0,8,1049,10000,0.0,0.0-::::::::::::::::::::::::::::::::;3.6094;0.0;8;132;132;True;
3;Datacenter_4;9;switch;distribution switch;1;1080000;29772.0;54.0:75.0:54.0:57.0:49.0:55.0:62.0:69.0:57.0:57.0:62.0:57.0:58.0:50.0:57.0:65.0:74.0:57.0:56.0:56.0:65.0:61.0:57.0:57.0:54.0:58.0:58.0:63.0:59.0:57.0:58.0:64.0:67.0:56.0:54.0:64.0:63.0:65.0:62.0:56.0:67.0:63.0:63.0:57.0:68.0:56.0:64.0:56.0:63.0:63.0:62.0:49.0:60.0:46.0:55.0:56.0:52.0:62.0:56.0:53.0:56.0:72.0:48.0:63.0:63.0:56.0:59.0:58.0:55.0:82.0:129.0:105.0:88.0:123.0:274.0:242.0:195.0:250.0:199.0:167.0:197.0:177.0:192.0:155.0:130.0:114.0:93.0:111.0:125.0:110.0:113.0:94.0:112.0:111.0:129.0:129.0:128.0:114.0:111.0:129.0:137.0:85.0:101.0:95.0:114.0:108.0:98.0:112.0:114.0:139.0:126.0:149.0:126.0:158.0:3354.0:7363.0:199.0:189.0:190.0:189.0:186.0:202.0:197.0:197.0:195.0:227.0:226.0:227.0:226.0:226.0:164.0:195.0:226.0:226.0:228.0:226.0:228.0:226.0:227.0:227.0:259.0:259.0:228.0:234.0:209.0:270.0:194.0:226.0:245.0:278.0:249.0:245.0:275.0:240.0:240.0:185.0:0.0:0.0:0.0:0.0:0.0:0.0:0.0:0.0:0.0:0.0:0.0:0.0:0.0:0.0:0.0:0.0:0.0:0.0:0.0:0.0:0.0:0.0:0.0:0.0:0.0:0.0:0.0:0.0:0.0:0.0:0.0:0.0:0.0:0.0:0.0:0.0:0.0:0.0:0.0:0.0:0.0:0.0:0.0:0.0:0.0:0.0:0.0:0.0:0.0:0.0:0.0:0.0:0.0:0.0:0.0:0.0:0.0:0.0:0.0:0.0:0.0:0.0:0.0:0.0:0.0:0.0:0.0:0.0:0.0:0.0:0.0:0.0:0.0:0.0:0.0:0.0:0.0:0.0:0.0:0.0:0.0:0.0:0.0:0.0:0.0:0.0:0.0:0.0:0.0:0.0:0.0:0.0:0.0:0.0:0.0:0.0:0.0:0.0:0.0:0.0:0.0:0.0:0.0:0.0:0.0:0.0:0.0:0.0:0.0:0.0:0.0:0.0:0.0:0.0:0.0:0.0:0.0:0.0:0.0:;293,True,2.9772000000000016,11,9,10000,29772.0,54.0-75.0-54.0-57.0-49.0-55.0-62.0-69.0-57.0-57.0-62.0-57.0-58.0-50.0-57.0-65.0-74.0-57.0-56.0-56.0-65.0-61.0-57.0-57.0-54.0-58.0-58.0-63.0-59.0-57.0-58.0-64.0-67.0-56.0-54.0-64.0-63.0-65.0-62.0-56.0-67.0-63.0-63.0-57.0-68.0-56.0-64.0-56.0-63.0-63.0-62.0-49.0-60.0-46.0-55.0-56.0-52.0-62.0-56.0-53.0-56.0-72.0-48.0-63.0-63.0-56.0-59.0-58.0-55.0-82.0-129.0-105.0-88.0-123.0-274.0-242.0-195.0-250.0-199.0-167.0-197.0-177.0-192.0-155.0-130.0-114.0-93.0-111.0-125.0-110.0-113.0-94.0-112.0-111.0-129.0-129.0-128.0-114.0-111.0-129.0-137.0-85.0-101.0-95.0-114.0-108.0-98.0-112.0-114.0-139.0-126.0-149.0-126.0-158.0-3354.0-7363.0-199.0-189.0-190.0-189.0-186.0-202.0-197.0-197.0-195.0-227.0-226.0-227.0-226.0-226.0-164.0-195.0-226.0-226.0-228.0-226.0-228.0-226.0-227.0-227.0-259.0-259.0-228.0-234.0-209.0-270.0-194.0-226.0-245.0-278.0-249.0-245.0-275.0-240.0-240.0-185.0-0.0-0.0-0.0-0.0-0.0-0.0-0.0-0.0-0.0-0.0-0.0-0.0-0.0-0.0-0.0-0.0-0.0-0.0-0.0-0.0-0.0-0.0-0.0-0.0-0.0-0.0-0.0-0.0-0.0-0.0-0.0-0.0-0.0-0.0-0.0-0.0-0.0-0.0-0.0-0.0-0.0-0.0-0.0-0.0-0.0-0.0-0.0-0.0-0.0-0.0-0.0-0.0-0.0-0.0-0.0-0.0-0.0-0.0-0.0-0.0-0.0-0.0-0.0-0.0-0.0-0.0-0.0-0.0-0.0-0.0-0.0-0.0-0.0-0.0-0.0-0.0-0.0-0.0-0.0-0.0-0.0-0.0-0.0-0.0-0.0-0.0-0.0-0.0-0.0-0.0-0.0-0.0-0.0-0.0-0.0-0.0-0.0-0.0-0.0-0.0-0.0-0.0-0.0-0.0-0.0-0.0-0.0-0.0-0.0-0.0-0.0-0.0-0.0-0.0-0.0-0.0-0.0-0.0-0.0-:294,True,0,12,9,10000,0,:291,True,0.0,9,8,10000,0.0,0.0-0.0-0.0-::::::::::::::::::::::::::::::::::::::::::::::::::::::::::::::::::::::::::::::::::::::::::::::::::::::::::;3.6094;0.02756666666666668;8;1056;1056;True;
3;Datacenter_4;10;switch;distribution switch;1;1080000;0;;295,True,0,11,10,10000,0,:296,True,0,12,10,10000,0,:292,True,0,10,8,10000,0,::::::::::::::::::::::::::::::::::::::::::::::::::::::::::::::::::::::::::::::::::::::::::::::::::::::::::;3.6094;0;8;1056;1056;True;
3;Datacenter_4;11;switch;core switch;2;1080000;29772.0;54.0:75.0:54.0:57.0:49.0:55.0:62.0:69.0:57.0:57.0:62.0:57.0:58.0:50.0:57.0:65.0:74.0:57.0:56.0:56.0:65.0:61.0:57.0:57.0:54.0:58.0:58.0:63.0:59.0:57.0:58.0:64.0:67.0:56.0:54.0:64.0:63.0:65.0:62.0:56.0:67.0:63.0:63.0:57.0:68.0:56.0:64.0:56.0:63.0:63.0:62.0:49.0:60.0:46.0:55.0:56.0:52.0:62.0:56.0:53.0:56.0:72.0:48.0:63.0:63.0:56.0:59.0:58.0:55.0:82.0:129.0:105.0:88.0:123.0:274.0:242.0:195.0:250.0:199.0:167.0:197.0:177.0:192.0:155.0:130.0:114.0:93.0:111.0:125.0:110.0:113.0:94.0:112.0:111.0:129.0:129.0:128.0:114.0:111.0:129.0:137.0:85.0:101.0:95.0:114.0:108.0:98.0:112.0:114.0:139.0:126.0:149.0:126.0:158.0:3354.0:7363.0:199.0:189.0:190.0:189.0:186.0:202.0:197.0:197.0:195.0:227.0:226.0:227.0:226.0:226.0:164.0:195.0:226.0:226.0:228.0:226.0:228.0:226.0:227.0:227.0:259.0:259.0:228.0:234.0:209.0:270.0:194.0:226.0:245.0:278.0:249.0:245.0:275.0:240.0:240.0:185.0:0.0:0.0:0.0:0.0:0.0:0.0:0.0:0.0:0.0:0.0:0.0:0.0:0.0:0.0:0.0:0.0:0.0:0.0:0.0:0.0:0.0:0.0:0.0:0.0:0.0:0.0:0.0:0.0:0.0:0.0:0.0:0.0:0.0:0.0:0.0:0.0:0.0:0.0:0.0:0.0:0.0:0.0:0.0:0.0:0.0:0.0:0.0:0.0:0.0:0.0:0.0:0.0:0.0:0.0:0.0:0.0:0.0:0.0:0.0:0.0:0.0:0.0:0.0:0.0:0.0:0.0:0.0:0.0:0.0:0.0:0.0:0.0:0.0:0.0:0.0:0.0:0.0:0.0:0.0:0.0:0.0:0.0:0.0:0.0:0.0:0.0:0.0:0.0:0.0:0.0:0.0:0.0:0.0:0.0:0.0:0.0:0.0:0.0:0.0:0.0:0.0:0.0:0.0:0.0:0.0:0.0:0.0:0.0:0.0:0.0:0.0:0.0:0.0:0.0:0.0:0.0:0.0:0.0:0.0:;:293,True,2.9772000000000016,11,9,10000,29772.0,54.0-75.0-54.0-57.0-49.0-55.0-62.0-69.0-57.0-57.0-62.0-57.0-58.0-50.0-57.0-65.0-74.0-57.0-56.0-56.0-65.0-61.0-57.0-57.0-54.0-58.0-58.0-63.0-59.0-57.0-58.0-64.0-67.0-56.0-54.0-64.0-63.0-65.0-62.0-56.0-67.0-63.0-63.0-57.0-68.0-56.0-64.0-56.0-63.0-63.0-62.0-49.0-60.0-46.0-55.0-56.0-52.0-62.0-56.0-53.0-56.0-72.0-48.0-63.0-63.0-56.0-59.0-58.0-55.0-82.0-129.0-105.0-88.0-123.0-274.0-242.0-195.0-250.0-199.0-167.0-197.0-177.0-192.0-155.0-130.0-114.0-93.0-111.0-125.0-110.0-113.0-94.0-112.0-111.0-129.0-129.0-128.0-114.0-111.0-129.0-137.0-85.0-101.0-95.0-114.0-108.0-98.0-112.0-114.0-139.0-126.0-149.0-126.0-158.0-3354.0-7363.0-199.0-189.0-190.0-189.0-186.0-202.0-197.0-197.0-195.0-227.0-226.0-227.0-226.0-226.0-164.0-195.0-226.0-226.0-228.0-226.0-228.0-226.0-227.0-227.0-259.0-259.0-228.0-234.0-209.0-270.0-194.0-226.0-245.0-278.0-249.0-245.0-275.0-240.0-240.0-185.0-0.0-0.0-0.0-0.0-0.0-0.0-0.0-0.0-0.0-0.0-0.0-0.0-0.0-0.0-0.0-0.0-0.0-0.0-0.0-0.0-0.0-0.0-0.0-0.0-0.0-0.0-0.0-0.0-0.0-0.0-0.0-0.0-0.0-0.0-0.0-0.0-0.0-0.0-0.0-0.0-0.0-0.0-0.0-0.0-0.0-0.0-0.0-0.0-0.0-0.0-0.0-0.0-0.0-0.0-0.0-0.0-0.0-0.0-0.0-0.0-0.0-0.0-0.0-0.0-0.0-0.0-0.0-0.0-0.0-0.0-0.0-0.0-0.0-0.0-0.0-0.0-0.0-0.0-0.0-0.0-0.0-0.0-0.0-0.0-0.0-0.0-0.0-0.0-0.0-0.0-0.0-0.0-0.0-0.0-0.0-0.0-0.0-0.0-0.0-0.0-0.0-0.0-0.0-0.0-0.0-0.0-0.0-0.0-0.0-0.0-0.0-0.0-0.0-0.0-0.0-0.0-0.0-0.0-0.0-:::::::::::::::::::::::::::::::::::::::::::::::::::::::::::::::::::::::::::::::::::::::::::::::::::::::::::;3.6094;0.02756666666666668;8;1056;1056;True;
3;Datacenter_4;12;switch;core switch;2;1080000;0;;:294,True,0,12,9,10000,0,:296,True,0,12,10,10000,0,::::::::::::::::::::::::::::::::::::::::::::::::::::::::::::::::::::::::::::::::::::::::::::::::::::::::::;3.6094;0;8;1056;1056;True;
